2026-08-04T05:54:07Z INF Thank you for trying Cloudflare Tunnel. Doing so, without a Cloudflare account, is a quick way to experiment and try it out. However, be aware that these account-less Tunnels have no uptime guarantee, are subject to the Cloudflare Online Services Terms of Use (https://www.cloudflare.com/website-terms/), and Cloudflare reserves the right to investigate your use of Tunnels for violations of such terms. If you intend to use Tunnels in production you should use a pre-created named tunnel by following: https://developers.cloudflare.com/cloudflare-one/connections/connect-apps
2026-08-04T05:54:07Z INF Requesting new quick Tunnel on trycloudflare.com...
2026-08-04T05:54:13Z INF +--------------------------------------------------------------------------------------------+
2026-08-04T05:54:13Z INF |  Your quick Tunnel has been created! Visit it at (it may take some time to be reachable):  |
2026-08-04T05:54:13Z INF |  https://designs-cheats-visits-touched.trycloudflare.com                                   |
2026-08-04T05:54:13Z INF +--------------------------------------------------------------------------------------------+
2026-08-04T05:54:13Z INF Cannot determine default configuration path. No file [config.yml config.yaml] in [~/.cloudflared ~/.cloudflare-warp ~/cloudflare-warp]
2026-08-04T05:54:13Z INF Version 2026.7.3 (Checksum 8635da433b6df8194746e88ed9d2589566c20e38bfc2a80e431a348b7c765841)
2026-08-04T05:54:13Z INF GOOS: windows, GOVersion: go1.26.4, GoArch: amd64
2026-08-04T05:54:13Z INF Settings: map[ha-connections:1 no-autoupdate:true p:http2 protocol:http2 url:http://localhost:3000]
2026-08-04T05:54:13Z INF cloudflared will not automatically update on Windows systems.
2026-08-04T05:54:13Z INF Generated Connector ID: e453aaa1-5f7d-435d-a52c-284c73987a5d
2026-08-04T05:54:13Z INF Initial protocol http2
2026-08-04T05:54:13Z INF ICMP proxy will use 192.168.31.190 as source for IPv4
2026-08-04T05:54:13Z INF ICMP proxy will use 2409:40f3:c4:29a:a177:95a6:af1c:31f3 in zone Wi-Fi as source for IPv6
2026-08-04T05:54:13Z INF cloudflared does not support loading the system root certificate pool on Windows. Please use --origin-ca-pool <PATH> to specify the path to the certificate pool
2026-08-04T05:54:13Z INF ICMP proxy will use 192.168.31.190 as source for IPv4
2026-08-04T05:54:13Z INF Tunnel connection curve preferences: [X25519MLKEM768 CurveID(65074) CurveP256] connIndex=0 event=0 ip=2606:4700:a8::10
2026-08-04T05:54:13Z INF ICMP proxy will use 2409:40f3:c4:29a:a177:95a6:af1c:31f3 in zone Wi-Fi as source for IPv6
2026-08-04T05:54:13Z INF Starting metrics server on 127.0.0.1:20241/metrics
2026-08-04T05:54:14Z INF +--------------------------------------------------------------------------------------+
2026-08-04T05:54:14Z INF |                               CONNECTIVITY PRE-CHECKS                                |
2026-08-04T05:54:14Z INF +--------------------------------------------------------------------------------------+
2026-08-04T05:54:14Z INF |  COMPONENT         TARGET                     STATUS  DETAILS                        |
2026-08-04T05:54:14Z INF |  DNS Resolution    region1.v2.argotunnel.com  PASS    DNS Resolved successfully      |
2026-08-04T05:54:14Z INF |  DNS Resolution    region2.v2.argotunnel.com  PASS    DNS Resolved successfully      |
2026-08-04T05:54:14Z INF |  UDP Connectivity  region1.v2.argotunnel.com  PASS    QUIC connection successful     |
2026-08-04T05:54:14Z INF |  UDP Connectivity  region2.v2.argotunnel.com  PASS    QUIC connection successful     |
2026-08-04T05:54:14Z INF |  TCP Connectivity  region1.v2.argotunnel.com  PASS    HTTP/2 connection successful   |
2026-08-04T05:54:14Z INF |  TCP Connectivity  region2.v2.argotunnel.com  PASS    HTTP/2 connection successful   |
2026-08-04T05:54:14Z INF |  Cloudflare API    api.cloudflare.com:443     PASS    API is reachable               |
2026-08-04T05:54:14Z INF |                                                                                      |
2026-08-04T05:54:14Z INF |  SUMMARY: Environment is healthy. cloudflared will use 'http2' as primary protocol.  |
2026-08-04T05:54:14Z INF +--------------------------------------------------------------------------------------+
2026-08-04T05:54:14Z INF precheck component="DNS Resolution" details="DNS Resolved successfully" run_id=baed072c-bafe-4e5f-a50a-892160651127 status=pass target=region1.v2.argotunnel.com
2026-08-04T05:54:14Z INF precheck component="DNS Resolution" details="DNS Resolved successfully" run_id=baed072c-bafe-4e5f-a50a-892160651127 status=pass target=region2.v2.argotunnel.com
2026-08-04T05:54:14Z INF precheck component="UDP Connectivity" details="QUIC connection successful" run_id=baed072c-bafe-4e5f-a50a-892160651127 status=pass target=region1.v2.argotunnel.com
2026-08-04T05:54:14Z INF precheck component="UDP Connectivity" details="QUIC connection successful" run_id=baed072c-bafe-4e5f-a50a-892160651127 status=pass target=region2.v2.argotunnel.com
2026-08-04T05:54:14Z INF precheck component="TCP Connectivity" details="HTTP/2 connection successful" run_id=baed072c-bafe-4e5f-a50a-892160651127 status=pass target=region1.v2.argotunnel.com
2026-08-04T05:54:14Z INF precheck component="TCP Connectivity" details="HTTP/2 connection successful" run_id=baed072c-bafe-4e5f-a50a-892160651127 status=pass target=region2.v2.argotunnel.com
2026-08-04T05:54:14Z INF precheck component="Cloudflare API" details="API is reachable" run_id=baed072c-bafe-4e5f-a50a-892160651127 status=pass target=api.cloudflare.com:443
2026-08-04T05:54:14Z INF precheck complete hard_fail=false run_id=baed072c-bafe-4e5f-a50a-892160651127 suggested_protocol=http2
2026-08-04T05:54:14Z INF Registered tunnel connection connIndex=0 connection=4902ac47-3c8a-4666-926e-6217fbe8f477 event=0 ip=2606:4700:a8::10 location=bom09 protocol=http2
2026-08-04T06:09:50Z INF Lost connection with the edge connIndex=0
2026-08-04T06:09:50Z ERR Serve tunnel error error="connection with edge closed" connIndex=0 event=0 ip=2606:4700:a8::10
2026-08-04T06:09:51Z INF Retrying connection in up to 1s connIndex=0 event=0 ip=2606:4700:a8::10
2026-08-04T06:09:51Z ERR failed to serve incoming request error="Error shutting down control stream: context canceled"
2026-08-04T06:09:51Z ERR Connection terminated error="connection with edge closed" connIndex=0
2026-08-04T06:09:59Z INF Tunnel connection curve preferences: [X25519MLKEM768 CurveID(65074) CurveP256] connIndex=0 event=0 ip=2606:4700:a8::10
2026-08-04T06:10:00Z INF Registered tunnel connection connIndex=0 connection=0d388a8f-89a8-49dd-a0ef-8f2e97ba6495 event=0 ip=2606:4700:a8::10 location=bom11 protocol=http2
2026-08-04T06:10:00Z ERR  error="Incoming request ended abruptly: context canceled" connIndex=0 event=1 ingressRule=0 originService=http://localhost:3000
2026-08-04T06:10:00Z ERR failed to serve incoming request error="Failed to proxy HTTP: Incoming request ended abruptly: context canceled"
2026-08-04T06:27:50Z ERR  error="Unable to reach the origin service. The service may be down or it may not be responding to traffic from cloudflared: read tcp [::1]:50203->[::1]:3000: wsarecv: An existing connection was forcibly closed by the remote host." connIndex=0 event=1 ingressRule=0 originService=http://localhost:3000
2026-08-04T06:27:50Z ERR  error="Unable to reach the origin service. The service may be down or it may not be responding to traffic from cloudflared: read tcp [::1]:50208->[::1]:3000: wsarecv: An existing connection was forcibly closed by the remote host." connIndex=0 event=1 ingressRule=0 originService=http://localhost:3000
2026-08-04T06:27:50Z ERR  error="Unable to reach the origin service. The service may be down or it may not be responding to traffic from cloudflared: read tcp [::1]:50214->[::1]:3000: wsarecv: An existing connection was forcibly closed by the remote host." connIndex=0 event=1 ingressRule=0 originService=http://localhost:3000
2026-08-04T06:27:50Z ERR  error="Unable to reach the origin service. The service may be down or it may not be responding to traffic from cloudflared: read tcp [::1]:50211->[::1]:3000: wsarecv: An existing connection was forcibly closed by the remote host." connIndex=0 event=1 ingressRule=0 originService=http://localhost:3000
2026-08-04T06:27:50Z ERR  error="Unable to reach the origin service. The service may be down or it may not be responding to traffic from cloudflared: read tcp [::1]:50212->[::1]:3000: wsarecv: An existing connection was forcibly closed by the remote host." connIndex=0 event=1 ingressRule=0 originService=http://localhost:3000
2026-08-04T06:27:50Z ERR  error="Unable to reach the origin service. The service may be down or it may not be responding to traffic from cloudflared: read tcp [::1]:50213->[::1]:3000: wsarecv: An existing connection was forcibly closed by the remote host." connIndex=0 event=1 ingressRule=0 originService=http://localhost:3000
2026-08-04T06:27:50Z ERR  error="Unable to reach the origin service. The service may be down or it may not be responding to traffic from cloudflared: read tcp [::1]:50210->[::1]:3000: wsarecv: An existing connection was forcibly closed by the remote host." connIndex=0 event=1 ingressRule=0 originService=http://localhost:3000
2026-08-04T06:27:50Z ERR  error="Unable to reach the origin service. The service may be down or it may not be responding to traffic from cloudflared: read tcp [::1]:50209->[::1]:3000: wsarecv: An existing connection was forcibly closed by the remote host." connIndex=0 event=1 ingressRule=0 originService=http://localhost:3000
2026-08-04T06:27:50Z ERR failed to serve incoming request error="Failed to proxy HTTP: Unable to reach the origin service. The service may be down or it may not be responding to traffic from cloudflared: read tcp [::1]:50208->[::1]:3000: wsarecv: An existing connection was forcibly closed by the remote host."
2026-08-04T06:27:50Z ERR failed to serve incoming request error="Failed to proxy HTTP: Unable to reach the origin service. The service may be down or it may not be responding to traffic from cloudflared: read tcp [::1]:50214->[::1]:3000: wsarecv: An existing connection was forcibly closed by the remote host."
2026-08-04T06:27:50Z ERR failed to serve incoming request error="Failed to proxy HTTP: Unable to reach the origin service. The service may be down or it may not be responding to traffic from cloudflared: read tcp [::1]:50211->[::1]:3000: wsarecv: An existing connection was forcibly closed by the remote host."
2026-08-04T06:27:50Z ERR failed to serve incoming request error="Failed to proxy HTTP: Unable to reach the origin service. The service may be down or it may not be responding to traffic from cloudflared: read tcp [::1]:50212->[::1]:3000: wsarecv: An existing connection was forcibly closed by the remote host."
2026-08-04T06:27:50Z ERR failed to serve incoming request error="Failed to proxy HTTP: Unable to reach the origin service. The service may be down or it may not be responding to traffic from cloudflared: read tcp [::1]:50213->[::1]:3000: wsarecv: An existing connection was forcibly closed by the remote host."
2026-08-04T06:27:50Z ERR failed to serve incoming request error="Failed to proxy HTTP: Unable to reach the origin service. The service may be down or it may not be responding to traffic from cloudflared: read tcp [::1]:50203->[::1]:3000: wsarecv: An existing connection was forcibly closed by the remote host."
2026-08-04T06:27:50Z ERR failed to serve incoming request error="Failed to proxy HTTP: Unable to reach the origin service. The service may be down or it may not be responding to traffic from cloudflared: read tcp [::1]:50210->[::1]:3000: wsarecv: An existing connection was forcibly closed by the remote host."
2026-08-04T06:27:50Z ERR failed to serve incoming request error="Failed to proxy HTTP: Unable to reach the origin service. The service may be down or it may not be responding to traffic from cloudflared: read tcp [::1]:50209->[::1]:3000: wsarecv: An existing connection was forcibly closed by the remote host."
2026-08-04T06:27:50Z ERR  error="read tcp [::1]:50238->[::1]:3000: wsarecv: An existing connection was forcibly closed by the remote host." connIndex=0 event=1 ingressRule=0 originService=http://localhost:3000
2026-08-04T06:27:50Z ERR failed to serve incoming request error="Failed to proxy HTTP: read tcp [::1]:50238->[::1]:3000: wsarecv: An existing connection was forcibly closed by the remote host."
2026-08-04T06:27:50Z ERR  error="Unable to reach the origin service. The service may be down or it may not be responding to traffic from cloudflared: read tcp [::1]:50191->[::1]:3000: wsarecv: An existing connection was forcibly closed by the remote host." connIndex=0 event=1 ingressRule=0 originService=http://localhost:3000
2026-08-04T06:27:50Z ERR failed to serve incoming request error="Failed to proxy HTTP: Unable to reach the origin service. The service may be down or it may not be responding to traffic from cloudflared: read tcp [::1]:50191->[::1]:3000: wsarecv: An existing connection was forcibly closed by the remote host."
2026-08-04T06:27:50Z ERR  error="read tcp [::1]:50239->[::1]:3000: wsarecv: An existing connection was forcibly closed by the remote host." connIndex=0 event=1 ingressRule=0 originService=http://localhost:3000
2026-08-04T06:27:50Z ERR  error="read tcp [::1]:50245->[::1]:3000: wsarecv: An existing connection was forcibly closed by the remote host." connIndex=0 event=1 ingressRule=0 originService=http://localhost:3000
2026-08-04T06:27:50Z ERR failed to serve incoming request error="Failed to proxy HTTP: read tcp [::1]:50239->[::1]:3000: wsarecv: An existing connection was forcibly closed by the remote host."
2026-08-04T06:27:50Z ERR  error="Unable to reach the origin service. The service may be down or it may not be responding to traffic from cloudflared: read tcp [::1]:50219->[::1]:3000: wsarecv: An existing connection was forcibly closed by the remote host." connIndex=0 event=1 ingressRule=0 originService=http://localhost:3000
2026-08-04T06:27:50Z ERR failed to serve incoming request error="Failed to proxy HTTP: read tcp [::1]:50245->[::1]:3000: wsarecv: An existing connection was forcibly closed by the remote host."
2026-08-04T06:27:50Z ERR failed to serve incoming request error="Failed to proxy HTTP: Unable to reach the origin service. The service may be down or it may not be responding to traffic from cloudflared: read tcp [::1]:50219->[::1]:3000: wsarecv: An existing connection was forcibly closed by the remote host."
2026-08-04T06:27:50Z ERR  error="read tcp [::1]:50233->[::1]:3000: wsarecv: An existing connection was forcibly closed by the remote host." connIndex=0 event=1 ingressRule=0 originService=http://localhost:3000
2026-08-04T06:27:50Z ERR failed to serve incoming request error="Failed to proxy HTTP: read tcp [::1]:50233->[::1]:3000: wsarecv: An existing connection was forcibly closed by the remote host."
2026-08-04T06:27:50Z ERR  error="Unable to reach the origin service. The service may be down or it may not be responding to traffic from cloudflared: read tcp [::1]:50222->[::1]:3000: wsarecv: An existing connection was forcibly closed by the remote host." connIndex=0 event=1 ingressRule=0 originService=http://localhost:3000
2026-08-04T06:27:50Z ERR failed to serve incoming request error="Failed to proxy HTTP: Unable to reach the origin service. The service may be down or it may not be responding to traffic from cloudflared: read tcp [::1]:50222->[::1]:3000: wsarecv: An existing connection was forcibly closed by the remote host."
2026-08-04T06:27:50Z ERR  error="read tcp [::1]:50230->[::1]:3000: wsarecv: An existing connection was forcibly closed by the remote host." connIndex=0 event=1 ingressRule=0 originService=http://localhost:3000
2026-08-04T06:27:50Z ERR failed to serve incoming request error="Failed to proxy HTTP: read tcp [::1]:50230->[::1]:3000: wsarecv: An existing connection was forcibly closed by the remote host."
2026-08-04T06:27:50Z ERR  error="Unable to reach the origin service. The service may be down or it may not be responding to traffic from cloudflared: read tcp [::1]:50204->[::1]:3000: wsarecv: An existing connection was forcibly closed by the remote host." connIndex=0 event=1 ingressRule=0 originService=http://localhost:3000
2026-08-04T06:27:50Z ERR  error="Unable to reach the origin service. The service may be down or it may not be responding to traffic from cloudflared: read tcp [::1]:50215->[::1]:3000: wsarecv: An existing connection was forcibly closed by the remote host." connIndex=0 event=1 ingressRule=0 originService=http://localhost:3000
2026-08-04T06:27:50Z ERR failed to serve incoming request error="Failed to proxy HTTP: Unable to reach the origin service. The service may be down or it may not be responding to traffic from cloudflared: read tcp [::1]:50204->[::1]:3000: wsarecv: An existing connection was forcibly closed by the remote host."
2026-08-04T06:27:50Z ERR failed to serve incoming request error="Failed to proxy HTTP: Unable to reach the origin service. The service may be down or it may not be responding to traffic from cloudflared: read tcp [::1]:50215->[::1]:3000: wsarecv: An existing connection was forcibly closed by the remote host."
2026-08-04T06:27:50Z ERR  error="Unable to reach the origin service. The service may be down or it may not be responding to traffic from cloudflared: read tcp [::1]:50226->[::1]:3000: wsarecv: An existing connection was forcibly closed by the remote host." connIndex=0 event=1 ingressRule=0 originService=http://localhost:3000
2026-08-04T06:27:50Z ERR failed to serve incoming request error="Failed to proxy HTTP: Unable to reach the origin service. The service may be down or it may not be responding to traffic from cloudflared: read tcp [::1]:50226->[::1]:3000: wsarecv: An existing connection was forcibly closed by the remote host."
2026-08-04T06:27:50Z ERR  error="Unable to reach the origin service. The service may be down or it may not be responding to traffic from cloudflared: read tcp [::1]:50216->[::1]:3000: wsarecv: An existing connection was forcibly closed by the remote host." connIndex=0 event=1 ingressRule=0 originService=http://localhost:3000
2026-08-04T06:27:50Z ERR failed to serve incoming request error="Failed to proxy HTTP: Unable to reach the origin service. The service may be down or it may not be responding to traffic from cloudflared: read tcp [::1]:50216->[::1]:3000: wsarecv: An existing connection was forcibly closed by the remote host."
2026-08-04T06:27:50Z ERR  error="read tcp [::1]:50240->[::1]:3000: wsarecv: An existing connection was forcibly closed by the remote host." connIndex=0 event=1 ingressRule=0 originService=http://localhost:3000
2026-08-04T06:27:50Z ERR failed to serve incoming request error="Failed to proxy HTTP: read tcp [::1]:50240->[::1]:3000: wsarecv: An existing connection was forcibly closed by the remote host."
2026-08-04T06:27:50Z ERR  error="Unable to reach the origin service. The service may be down or it may not be responding to traffic from cloudflared: read tcp [::1]:50187->[::1]:3000: wsarecv: An existing connection was forcibly closed by the remote host." connIndex=0 event=1 ingressRule=0 originService=http://localhost:3000
2026-08-04T06:27:50Z ERR failed to serve incoming request error="Failed to proxy HTTP: Unable to reach the origin service. The service may be down or it may not be responding to traffic from cloudflared: read tcp [::1]:50187->[::1]:3000: wsarecv: An existing connection was forcibly closed by the remote host."
2026-08-04T06:27:50Z ERR  error="Unable to reach the origin service. The service may be down or it may not be responding to traffic from cloudflared: read tcp [::1]:50227->[::1]:3000: wsarecv: An existing connection was forcibly closed by the remote host." connIndex=0 event=1 ingressRule=0 originService=http://localhost:3000
2026-08-04T06:27:50Z ERR  error="Unable to reach the origin service. The service may be down or it may not be responding to traffic from cloudflared: read tcp [::1]:50220->[::1]:3000: wsarecv: An existing connection was forcibly closed by the remote host." connIndex=0 event=1 ingressRule=0 originService=http://localhost:3000
2026-08-04T06:27:50Z ERR failed to serve incoming request error="Failed to proxy HTTP: Unable to reach the origin service. The service may be down or it may not be responding to traffic from cloudflared: read tcp [::1]:50227->[::1]:3000: wsarecv: An existing connection was forcibly closed by the remote host."
2026-08-04T06:27:50Z ERR failed to serve incoming request error="Failed to proxy HTTP: Unable to reach the origin service. The service may be down or it may not be responding to traffic from cloudflared: read tcp [::1]:50220->[::1]:3000: wsarecv: An existing connection was forcibly closed by the remote host."
2026-08-04T06:27:50Z ERR  error="Unable to reach the origin service. The service may be down or it may not be responding to traffic from cloudflared: read tcp [::1]:50196->[::1]:3000: wsarecv: An existing connection was forcibly closed by the remote host." connIndex=0 event=1 ingressRule=0 originService=http://localhost:3000
2026-08-04T06:27:50Z ERR  error="Unable to reach the origin service. The service may be down or it may not be responding to traffic from cloudflared: read tcp [::1]:50190->[::1]:3000: wsarecv: An existing connection was forcibly closed by the remote host." connIndex=0 event=1 ingressRule=0 originService=http://localhost:3000
2026-08-04T06:27:50Z ERR failed to serve incoming request error="Failed to proxy HTTP: Unable to reach the origin service. The service may be down or it may not be responding to traffic from cloudflared: read tcp [::1]:50196->[::1]:3000: wsarecv: An existing connection was forcibly closed by the remote host."
2026-08-04T06:27:50Z ERR failed to serve incoming request error="Failed to proxy HTTP: Unable to reach the origin service. The service may be down or it may not be responding to traffic from cloudflared: read tcp [::1]:50190->[::1]:3000: wsarecv: An existing connection was forcibly closed by the remote host."
2026-08-04T06:27:50Z ERR  error="Unable to reach the origin service. The service may be down or it may not be responding to traffic from cloudflared: read tcp [::1]:50225->[::1]:3000: wsarecv: An existing connection was forcibly closed by the remote host." connIndex=0 event=1 ingressRule=0 originService=http://localhost:3000
2026-08-04T06:27:50Z ERR failed to serve incoming request error="Failed to proxy HTTP: Unable to reach the origin service. The service may be down or it may not be responding to traffic from cloudflared: read tcp [::1]:50225->[::1]:3000: wsarecv: An existing connection was forcibly closed by the remote host."
2026-08-04T06:27:50Z ERR  error="Unable to reach the origin service. The service may be down or it may not be responding to traffic from cloudflared: read tcp [::1]:50183->[::1]:3000: wsarecv: An existing connection was forcibly closed by the remote host." connIndex=0 event=1 ingressRule=0 originService=http://localhost:3000
2026-08-04T06:27:50Z ERR failed to serve incoming request error="Failed to proxy HTTP: Unable to reach the origin service. The service may be down or it may not be responding to traffic from cloudflared: read tcp [::1]:50183->[::1]:3000: wsarecv: An existing connection was forcibly closed by the remote host."
2026-08-04T06:27:50Z ERR  error="read tcp [::1]:50268->[::1]:3000: wsarecv: An existing connection was forcibly closed by the remote host." connIndex=0 event=1 ingressRule=0 originService=http://localhost:3000
2026-08-04T06:27:50Z ERR failed to serve incoming request error="Failed to proxy HTTP: read tcp [::1]:50268->[::1]:3000: wsarecv: An existing connection was forcibly closed by the remote host."
2026-08-04T06:27:50Z ERR  error="Unable to reach the origin service. The service may be down or it may not be responding to traffic from cloudflared: read tcp [::1]:50184->[::1]:3000: wsarecv: An existing connection was forcibly closed by the remote host." connIndex=0 event=1 ingressRule=0 originService=http://localhost:3000
2026-08-04T06:27:50Z ERR failed to serve incoming request error="Failed to proxy HTTP: Unable to reach the origin service. The service may be down or it may not be responding to traffic from cloudflared: read tcp [::1]:50184->[::1]:3000: wsarecv: An existing connection was forcibly closed by the remote host."
2026-08-04T06:27:50Z ERR  error="Unable to reach the origin service. The service may be down or it may not be responding to traffic from cloudflared: read tcp [::1]:50207->[::1]:3000: wsarecv: An existing connection was forcibly closed by the remote host." connIndex=0 event=1 ingressRule=0 originService=http://localhost:3000
2026-08-04T06:27:50Z ERR failed to serve incoming request error="Failed to proxy HTTP: Unable to reach the origin service. The service may be down or it may not be responding to traffic from cloudflared: read tcp [::1]:50207->[::1]:3000: wsarecv: An existing connection was forcibly closed by the remote host."
2026-08-04T06:27:50Z ERR  error="Unable to reach the origin service. The service may be down or it may not be responding to traffic from cloudflared: read tcp [::1]:50206->[::1]:3000: wsarecv: An existing connection was forcibly closed by the remote host." connIndex=0 event=1 ingressRule=0 originService=http://localhost:3000
2026-08-04T06:27:50Z ERR failed to serve incoming request error="Failed to proxy HTTP: Unable to reach the origin service. The service may be down or it may not be responding to traffic from cloudflared: read tcp [::1]:50206->[::1]:3000: wsarecv: An existing connection was forcibly closed by the remote host."
2026-08-04T06:27:50Z ERR  error="Unable to reach the origin service. The service may be down or it may not be responding to traffic from cloudflared: read tcp [::1]:50199->[::1]:3000: wsarecv: An existing connection was forcibly closed by the remote host." connIndex=0 event=1 ingressRule=0 originService=http://localhost:3000
2026-08-04T06:27:50Z ERR failed to serve incoming request error="Failed to proxy HTTP: Unable to reach the origin service. The service may be down or it may not be responding to traffic from cloudflared: read tcp [::1]:50199->[::1]:3000: wsarecv: An existing connection was forcibly closed by the remote host."
2026-08-04T06:27:50Z ERR  error="read tcp [::1]:50243->[::1]:3000: wsarecv: An existing connection was forcibly closed by the remote host." connIndex=0 event=1 ingressRule=0 originService=http://localhost:3000
2026-08-04T06:27:50Z ERR  error="read tcp [::1]:50242->[::1]:3000: wsarecv: An existing connection was forcibly closed by the remote host." connIndex=0 event=1 ingressRule=0 originService=http://localhost:3000
2026-08-04T06:27:50Z ERR  error="Unable to reach the origin service. The service may be down or it may not be responding to traffic from cloudflared: read tcp [::1]:50181->[::1]:3000: wsarecv: An existing connection was forcibly closed by the remote host." connIndex=0 event=1 ingressRule=0 originService=http://localhost:3000
2026-08-04T06:27:50Z ERR failed to serve incoming request error="Failed to proxy HTTP: read tcp [::1]:50243->[::1]:3000: wsarecv: An existing connection was forcibly closed by the remote host."
2026-08-04T06:27:50Z ERR failed to serve incoming request error="Failed to proxy HTTP: read tcp [::1]:50242->[::1]:3000: wsarecv: An existing connection was forcibly closed by the remote host."
2026-08-04T06:27:50Z ERR failed to serve incoming request error="Failed to proxy HTTP: Unable to reach the origin service. The service may be down or it may not be responding to traffic from cloudflared: read tcp [::1]:50181->[::1]:3000: wsarecv: An existing connection was forcibly closed by the remote host."
2026-08-04T06:27:50Z ERR  error="read tcp [::1]:50235->[::1]:3000: wsarecv: An existing connection was forcibly closed by the remote host." connIndex=0 event=1 ingressRule=0 originService=http://localhost:3000
2026-08-04T06:27:50Z ERR failed to serve incoming request error="Failed to proxy HTTP: read tcp [::1]:50235->[::1]:3000: wsarecv: An existing connection was forcibly closed by the remote host."
2026-08-04T06:27:50Z ERR  error="read tcp [::1]:50229->[::1]:3000: wsarecv: An existing connection was forcibly closed by the remote host." connIndex=0 event=1 ingressRule=0 originService=http://localhost:3000
2026-08-04T06:27:50Z ERR failed to serve incoming request error="Failed to proxy HTTP: read tcp [::1]:50229->[::1]:3000: wsarecv: An existing connection was forcibly closed by the remote host."
2026-08-04T06:27:50Z ERR  error="Unable to reach the origin service. The service may be down or it may not be responding to traffic from cloudflared: read tcp [::1]:50194->[::1]:3000: wsarecv: An existing connection was forcibly closed by the remote host." connIndex=0 event=1 ingressRule=0 originService=http://localhost:3000
2026-08-04T06:27:50Z ERR  error="Unable to reach the origin service. The service may be down or it may not be responding to traffic from cloudflared: read tcp [::1]:50188->[::1]:3000: wsarecv: An existing connection was forcibly closed by the remote host." connIndex=0 event=1 ingressRule=0 originService=http://localhost:3000
2026-08-04T06:27:50Z ERR failed to serve incoming request error="Failed to proxy HTTP: Unable to reach the origin service. The service may be down or it may not be responding to traffic from cloudflared: read tcp [::1]:50194->[::1]:3000: wsarecv: An existing connection was forcibly closed by the remote host."
2026-08-04T06:27:50Z ERR failed to serve incoming request error="Failed to proxy HTTP: Unable to reach the origin service. The service may be down or it may not be responding to traffic from cloudflared: read tcp [::1]:50188->[::1]:3000: wsarecv: An existing connection was forcibly closed by the remote host."
2026-08-04T06:27:50Z ERR  error="Unable to reach the origin service. The service may be down or it may not be responding to traffic from cloudflared: read tcp [::1]:50198->[::1]:3000: wsarecv: An existing connection was forcibly closed by the remote host." connIndex=0 event=1 ingressRule=0 originService=http://localhost:3000
2026-08-04T06:27:50Z ERR failed to serve incoming request error="Failed to proxy HTTP: Unable to reach the origin service. The service may be down or it may not be responding to traffic from cloudflared: read tcp [::1]:50198->[::1]:3000: wsarecv: An existing connection was forcibly closed by the remote host."
2026-08-04T06:27:50Z ERR  error="Unable to reach the origin service. The service may be down or it may not be responding to traffic from cloudflared: read tcp [::1]:50197->[::1]:3000: wsarecv: An existing connection was forcibly closed by the remote host." connIndex=0 event=1 ingressRule=0 originService=http://localhost:3000
2026-08-04T06:27:50Z ERR failed to serve incoming request error="Failed to proxy HTTP: Unable to reach the origin service. The service may be down or it may not be responding to traffic from cloudflared: read tcp [::1]:50197->[::1]:3000: wsarecv: An existing connection was forcibly closed by the remote host."
2026-08-04T06:27:50Z ERR  error="Unable to reach the origin service. The service may be down or it may not be responding to traffic from cloudflared: read tcp [::1]:50223->[::1]:3000: wsarecv: An existing connection was forcibly closed by the remote host." connIndex=0 event=1 ingressRule=0 originService=http://localhost:3000
2026-08-04T06:27:50Z ERR failed to serve incoming request error="Failed to proxy HTTP: Unable to reach the origin service. The service may be down or it may not be responding to traffic from cloudflared: read tcp [::1]:50223->[::1]:3000: wsarecv: An existing connection was forcibly closed by the remote host."
2026-08-04T06:27:50Z ERR  error="Unable to reach the origin service. The service may be down or it may not be responding to traffic from cloudflared: read tcp [::1]:50217->[::1]:3000: wsarecv: An existing connection was forcibly closed by the remote host." connIndex=0 event=1 ingressRule=0 originService=http://localhost:3000
2026-08-04T06:27:50Z ERR failed to serve incoming request error="Failed to proxy HTTP: Unable to reach the origin service. The service may be down or it may not be responding to traffic from cloudflared: read tcp [::1]:50217->[::1]:3000: wsarecv: An existing connection was forcibly closed by the remote host."
2026-08-04T06:27:50Z ERR  error="read tcp [::1]:50237->[::1]:3000: wsarecv: An existing connection was forcibly closed by the remote host." connIndex=0 event=1 ingressRule=0 originService=http://localhost:3000
2026-08-04T06:27:50Z ERR  error="read tcp [::1]:50241->[::1]:3000: wsarecv: An existing connection was forcibly closed by the remote host." connIndex=0 event=1 ingressRule=0 originService=http://localhost:3000
2026-08-04T06:27:50Z ERR  error="Unable to reach the origin service. The service may be down or it may not be responding to traffic from cloudflared: read tcp [::1]:50281->[::1]:3000: wsarecv: An existing connection was forcibly closed by the remote host." connIndex=0 event=1 ingressRule=0 originService=http://localhost:3000
2026-08-04T06:27:50Z ERR failed to serve incoming request error="Failed to proxy HTTP: Unable to reach the origin service. The service may be down or it may not be responding to traffic from cloudflared: read tcp [::1]:50281->[::1]:3000: wsarecv: An existing connection was forcibly closed by the remote host."
2026-08-04T06:27:50Z ERR failed to serve incoming request error="Failed to proxy HTTP: read tcp [::1]:50241->[::1]:3000: wsarecv: An existing connection was forcibly closed by the remote host."
2026-08-04T06:27:50Z ERR  error="Unable to reach the origin service. The service may be down or it may not be responding to traffic from cloudflared: read tcp [::1]:50201->[::1]:3000: wsarecv: An existing connection was forcibly closed by the remote host." connIndex=0 event=1 ingressRule=0 originService=http://localhost:3000
2026-08-04T06:27:50Z ERR failed to serve incoming request error="Failed to proxy HTTP: read tcp [::1]:50237->[::1]:3000: wsarecv: An existing connection was forcibly closed by the remote host."
2026-08-04T06:27:50Z ERR  error="Unable to reach the origin service. The service may be down or it may not be responding to traffic from cloudflared: read tcp [::1]:50186->[::1]:3000: wsarecv: An existing connection was forcibly closed by the remote host." connIndex=0 event=1 ingressRule=0 originService=http://localhost:3000
2026-08-04T06:27:50Z ERR  error="Unable to reach the origin service. The service may be down or it may not be responding to traffic from cloudflared: read tcp [::1]:50200->[::1]:3000: wsarecv: An existing connection was forcibly closed by the remote host." connIndex=0 event=1 ingressRule=0 originService=http://localhost:3000
2026-08-04T06:27:50Z ERR failed to serve incoming request error="Failed to proxy HTTP: Unable to reach the origin service. The service may be down or it may not be responding to traffic from cloudflared: read tcp [::1]:50200->[::1]:3000: wsarecv: An existing connection was forcibly closed by the remote host."
2026-08-04T06:27:50Z ERR failed to serve incoming request error="Failed to proxy HTTP: Unable to reach the origin service. The service may be down or it may not be responding to traffic from cloudflared: read tcp [::1]:50201->[::1]:3000: wsarecv: An existing connection was forcibly closed by the remote host."
2026-08-04T06:27:50Z ERR  error="read tcp [::1]:50231->[::1]:3000: wsarecv: An existing connection was forcibly closed by the remote host." connIndex=0 event=1 ingressRule=0 originService=http://localhost:3000
2026-08-04T06:27:50Z ERR failed to serve incoming request error="Failed to proxy HTTP: read tcp [::1]:50231->[::1]:3000: wsarecv: An existing connection was forcibly closed by the remote host."
2026-08-04T06:27:50Z ERR failed to serve incoming request error="Failed to proxy HTTP: Unable to reach the origin service. The service may be down or it may not be responding to traffic from cloudflared: read tcp [::1]:50186->[::1]:3000: wsarecv: An existing connection was forcibly closed by the remote host."
2026-08-04T06:27:50Z ERR  error="Unable to reach the origin service. The service may be down or it may not be responding to traffic from cloudflared: read tcp [::1]:50205->[::1]:3000: wsarecv: An existing connection was forcibly closed by the remote host." connIndex=0 event=1 ingressRule=0 originService=http://localhost:3000
2026-08-04T06:27:50Z ERR  error="read tcp [::1]:50263->[::1]:3000: wsarecv: An existing connection was forcibly closed by the remote host." connIndex=0 event=1 ingressRule=0 originService=http://localhost:3000
2026-08-04T06:27:50Z ERR  error="Unable to reach the origin service. The service may be down or it may not be responding to traffic from cloudflared: read tcp [::1]:50228->[::1]:3000: wsarecv: An existing connection was forcibly closed by the remote host." connIndex=0 event=1 ingressRule=0 originService=http://localhost:3000
2026-08-04T06:27:50Z ERR  error="Unable to reach the origin service. The service may be down or it may not be responding to traffic from cloudflared: read tcp [::1]:50182->[::1]:3000: wsarecv: An existing connection was forcibly closed by the remote host." connIndex=0 event=1 ingressRule=0 originService=http://localhost:3000
2026-08-04T06:27:50Z ERR  error="Unable to reach the origin service. The service may be down or it may not be responding to traffic from cloudflared: read tcp [::1]:50185->[::1]:3000: wsarecv: An existing connection was forcibly closed by the remote host." connIndex=0 event=1 ingressRule=0 originService=http://localhost:3000
2026-08-04T06:27:50Z ERR  error="read tcp [::1]:50272->[::1]:3000: wsarecv: An existing connection was forcibly closed by the remote host." connIndex=0 event=1 ingressRule=0 originService=http://localhost:3000
2026-08-04T06:27:50Z ERR  error="read tcp [::1]:50232->[::1]:3000: wsarecv: An existing connection was forcibly closed by the remote host." connIndex=0 event=1 ingressRule=0 originService=http://localhost:3000
2026-08-04T06:27:50Z ERR  error="Unable to reach the origin service. The service may be down or it may not be responding to traffic from cloudflared: read tcp [::1]:50193->[::1]:3000: wsarecv: An existing connection was forcibly closed by the remote host." connIndex=0 event=1 ingressRule=0 originService=http://localhost:3000
2026-08-04T06:27:50Z ERR  error="Unable to reach the origin service. The service may be down or it may not be responding to traffic from cloudflared: read tcp [::1]:50224->[::1]:3000: wsarecv: An existing connection was forcibly closed by the remote host." connIndex=0 event=1 ingressRule=0 originService=http://localhost:3000
2026-08-04T06:27:50Z ERR  error="read tcp [::1]:50236->[::1]:3000: wsarecv: An existing connection was forcibly closed by the remote host." connIndex=0 event=1 ingressRule=0 originService=http://localhost:3000
2026-08-04T06:27:50Z ERR failed to serve incoming request error="Failed to proxy HTTP: read tcp [::1]:50236->[::1]:3000: wsarecv: An existing connection was forcibly closed by the remote host."
2026-08-04T06:27:50Z ERR  error="read tcp [::1]:50267->[::1]:3000: wsarecv: An existing connection was forcibly closed by the remote host." connIndex=0 event=1 ingressRule=0 originService=http://localhost:3000
2026-08-04T06:27:50Z ERR  error="Unable to reach the origin service. The service may be down or it may not be responding to traffic from cloudflared: read tcp [::1]:50192->[::1]:3000: wsarecv: An existing connection was forcibly closed by the remote host." connIndex=0 event=1 ingressRule=0 originService=http://localhost:3000
2026-08-04T06:27:50Z ERR  error="read tcp [::1]:50261->[::1]:3000: wsarecv: An existing connection was forcibly closed by the remote host." connIndex=0 event=1 ingressRule=0 originService=http://localhost:3000
2026-08-04T06:27:50Z ERR  error="read tcp [::1]:50244->[::1]:3000: wsarecv: An existing connection was forcibly closed by the remote host." connIndex=0 event=1 ingressRule=0 originService=http://localhost:3000
2026-08-04T06:27:50Z ERR  error="Unable to reach the origin service. The service may be down or it may not be responding to traffic from cloudflared: read tcp [::1]:50195->[::1]:3000: wsarecv: An existing connection was forcibly closed by the remote host." connIndex=0 event=1 ingressRule=0 originService=http://localhost:3000
2026-08-04T06:27:50Z ERR  error="Unable to reach the origin service. The service may be down or it may not be responding to traffic from cloudflared: read tcp [::1]:50218->[::1]:3000: wsarecv: An existing connection was forcibly closed by the remote host." connIndex=0 event=1 ingressRule=0 originService=http://localhost:3000
2026-08-04T06:27:50Z ERR  error="Unable to reach the origin service. The service may be down or it may not be responding to traffic from cloudflared: read tcp [::1]:50189->[::1]:3000: wsarecv: An existing connection was forcibly closed by the remote host." connIndex=0 event=1 ingressRule=0 originService=http://localhost:3000
2026-08-04T06:27:50Z ERR  error="read tcp [::1]:50253->[::1]:3000: wsarecv: An existing connection was forcibly closed by the remote host." connIndex=0 event=1 ingressRule=0 originService=http://localhost:3000
2026-08-04T06:27:50Z ERR  error="read tcp [::1]:50257->[::1]:3000: wsarecv: An existing connection was forcibly closed by the remote host." connIndex=0 event=1 ingressRule=0 originService=http://localhost:3000
2026-08-04T06:27:50Z ERR  error="read tcp [::1]:50258->[::1]:3000: wsarecv: An existing connection was forcibly closed by the remote host." connIndex=0 event=1 ingressRule=0 originService=http://localhost:3000
2026-08-04T06:27:50Z ERR  error="read tcp [::1]:50252->[::1]:3000: wsarecv: An existing connection was forcibly closed by the remote host." connIndex=0 event=1 ingressRule=0 originService=http://localhost:3000
2026-08-04T06:27:50Z ERR  error="read tcp [::1]:50255->[::1]:3000: wsarecv: An existing connection was forcibly closed by the remote host." connIndex=0 event=1 ingressRule=0 originService=http://localhost:3000
2026-08-04T06:27:50Z ERR  error="read tcp [::1]:50276->[::1]:3000: wsarecv: An existing connection was forcibly closed by the remote host." connIndex=0 event=1 ingressRule=0 originService=http://localhost:3000
2026-08-04T06:27:50Z ERR  error="read tcp [::1]:50248->[::1]:3000: wsarecv: An existing connection was forcibly closed by the remote host." connIndex=0 event=1 ingressRule=0 originService=http://localhost:3000
2026-08-04T06:27:50Z ERR  error="read tcp [::1]:50247->[::1]:3000: wsarecv: An existing connection was forcibly closed by the remote host." connIndex=0 event=1 ingressRule=0 originService=http://localhost:3000
2026-08-04T06:27:50Z ERR  error="read tcp [::1]:50262->[::1]:3000: wsarecv: An existing connection was forcibly closed by the remote host." connIndex=0 event=1 ingressRule=0 originService=http://localhost:3000
2026-08-04T06:27:50Z ERR  error="read tcp [::1]:50249->[::1]:3000: wsarecv: An existing connection was forcibly closed by the remote host." connIndex=0 event=1 ingressRule=0 originService=http://localhost:3000
2026-08-04T06:27:50Z ERR  error="read tcp [::1]:50260->[::1]:3000: wsarecv: An existing connection was forcibly closed by the remote host." connIndex=0 event=1 ingressRule=0 originService=http://localhost:3000
2026-08-04T06:27:50Z ERR  error="read tcp [::1]:50265->[::1]:3000: wsarecv: An existing connection was forcibly closed by the remote host." connIndex=0 event=1 ingressRule=0 originService=http://localhost:3000
2026-08-04T06:27:50Z ERR  error="read tcp [::1]:50254->[::1]:3000: wsarecv: An existing connection was forcibly closed by the remote host." connIndex=0 event=1 ingressRule=0 originService=http://localhost:3000
2026-08-04T06:27:50Z ERR  error="read tcp [::1]:50264->[::1]:3000: wsarecv: An existing connection was forcibly closed by the remote host." connIndex=0 event=1 ingressRule=0 originService=http://localhost:3000
2026-08-04T06:27:50Z ERR  error="read tcp [::1]:50266->[::1]:3000: wsarecv: An existing connection was forcibly closed by the remote host." connIndex=0 event=1 ingressRule=0 originService=http://localhost:3000
2026-08-04T06:27:50Z ERR  error="read tcp [::1]:50250->[::1]:3000: wsarecv: An existing connection was forcibly closed by the remote host." connIndex=0 event=1 ingressRule=0 originService=http://localhost:3000
2026-08-04T06:27:50Z ERR  error="read tcp [::1]:50246->[::1]:3000: wsarecv: An existing connection was forcibly closed by the remote host." connIndex=0 event=1 ingressRule=0 originService=http://localhost:3000
2026-08-04T06:27:50Z ERR  error="read tcp [::1]:50278->[::1]:3000: wsarecv: An existing connection was forcibly closed by the remote host." connIndex=0 event=1 ingressRule=0 originService=http://localhost:3000
2026-08-04T06:27:50Z ERR  error="Unable to reach the origin service. The service may be down or it may not be responding to traffic from cloudflared: read tcp [::1]:50221->[::1]:3000: wsarecv: An existing connection was forcibly closed by the remote host." connIndex=0 event=1 ingressRule=0 originService=http://localhost:3000
2026-08-04T06:27:50Z ERR  error="read tcp [::1]:50256->[::1]:3000: wsarecv: An existing connection was forcibly closed by the remote host." connIndex=0 event=1 ingressRule=0 originService=http://localhost:3000
2026-08-04T06:27:50Z ERR  error="read tcp [::1]:50280->[::1]:3000: wsarecv: An existing connection was forcibly closed by the remote host." connIndex=0 event=1 ingressRule=0 originService=http://localhost:3000
2026-08-04T06:27:50Z ERR  error="read tcp [::1]:50269->[::1]:3000: wsarecv: An existing connection was forcibly closed by the remote host." connIndex=0 event=1 ingressRule=0 originService=http://localhost:3000
2026-08-04T06:27:50Z ERR  error="Unable to reach the origin service. The service may be down or it may not be responding to traffic from cloudflared: read tcp [::1]:50202->[::1]:3000: wsarecv: An existing connection was forcibly closed by the remote host." connIndex=0 event=1 ingressRule=0 originService=http://localhost:3000
2026-08-04T06:27:50Z ERR  error="read tcp [::1]:50277->[::1]:3000: wsarecv: An existing connection was forcibly closed by the remote host." connIndex=0 event=1 ingressRule=0 originService=http://localhost:3000
2026-08-04T06:27:50Z ERR  error="read tcp [::1]:50270->[::1]:3000: wsarecv: An existing connection was forcibly closed by the remote host." connIndex=0 event=1 ingressRule=0 originService=http://localhost:3000
2026-08-04T06:27:50Z ERR  error="read tcp [::1]:50259->[::1]:3000: wsarecv: An existing connection was forcibly closed by the remote host." connIndex=0 event=1 ingressRule=0 originService=http://localhost:3000
2026-08-04T06:27:50Z ERR  error="read tcp [::1]:50275->[::1]:3000: wsarecv: An existing connection was forcibly closed by the remote host." connIndex=0 event=1 ingressRule=0 originService=http://localhost:3000
2026-08-04T06:27:50Z ERR  error="read tcp [::1]:50274->[::1]:3000: wsarecv: An existing connection was forcibly closed by the remote host." connIndex=0 event=1 ingressRule=0 originService=http://localhost:3000
2026-08-04T06:27:50Z ERR  error="read tcp [::1]:50273->[::1]:3000: wsarecv: An existing connection was forcibly closed by the remote host." connIndex=0 event=1 ingressRule=0 originService=http://localhost:3000
2026-08-04T06:27:50Z ERR  error="read tcp [::1]:50271->[::1]:3000: wsarecv: An existing connection was forcibly closed by the remote host." connIndex=0 event=1 ingressRule=0 originService=http://localhost:3000
2026-08-04T06:27:50Z ERR  error="read tcp [::1]:50279->[::1]:3000: wsarecv: An existing connection was forcibly closed by the remote host." connIndex=0 event=1 ingressRule=0 originService=http://localhost:3000
2026-08-04T06:27:50Z ERR  error="Unable to reach the origin service. The service may be down or it may not be responding to traffic from cloudflared: read tcp [::1]:50283->[::1]:3000: wsarecv: An existing connection was forcibly closed by the remote host." connIndex=0 event=1 ingressRule=0 originService=http://localhost:3000
2026-08-04T06:27:50Z ERR  error="Unable to reach the origin service. The service may be down or it may not be responding to traffic from cloudflared: read tcp [::1]:50282->[::1]:3000: wsarecv: An existing connection was forcibly closed by the remote host." connIndex=0 event=1 ingressRule=0 originService=http://localhost:3000
2026-08-04T06:27:50Z ERR failed to serve incoming request error="Failed to proxy HTTP: Unable to reach the origin service. The service may be down or it may not be responding to traffic from cloudflared: read tcp [::1]:50205->[::1]:3000: wsarecv: An existing connection was forcibly closed by the remote host."
2026-08-04T06:27:50Z ERR failed to serve incoming request error="Failed to proxy HTTP: read tcp [::1]:50263->[::1]:3000: wsarecv: An existing connection was forcibly closed by the remote host."
2026-08-04T06:27:50Z ERR failed to serve incoming request error="Failed to proxy HTTP: Unable to reach the origin service. The service may be down or it may not be responding to traffic from cloudflared: read tcp [::1]:50228->[::1]:3000: wsarecv: An existing connection was forcibly closed by the remote host."
2026-08-04T06:27:50Z ERR failed to serve incoming request error="Failed to proxy HTTP: Unable to reach the origin service. The service may be down or it may not be responding to traffic from cloudflared: read tcp [::1]:50182->[::1]:3000: wsarecv: An existing connection was forcibly closed by the remote host."
2026-08-04T06:27:50Z ERR failed to serve incoming request error="Failed to proxy HTTP: Unable to reach the origin service. The service may be down or it may not be responding to traffic from cloudflared: read tcp [::1]:50185->[::1]:3000: wsarecv: An existing connection was forcibly closed by the remote host."
2026-08-04T06:27:50Z ERR failed to serve incoming request error="Failed to proxy HTTP: read tcp [::1]:50272->[::1]:3000: wsarecv: An existing connection was forcibly closed by the remote host."
2026-08-04T06:27:50Z ERR failed to serve incoming request error="Failed to proxy HTTP: read tcp [::1]:50232->[::1]:3000: wsarecv: An existing connection was forcibly closed by the remote host."
2026-08-04T06:27:50Z ERR  error="read tcp [::1]:50251->[::1]:3000: wsarecv: An existing connection was forcibly closed by the remote host." connIndex=0 event=1 ingressRule=0 originService=http://localhost:3000
2026-08-04T06:27:50Z ERR failed to serve incoming request error="Failed to proxy HTTP: Unable to reach the origin service. The service may be down or it may not be responding to traffic from cloudflared: read tcp [::1]:50193->[::1]:3000: wsarecv: An existing connection was forcibly closed by the remote host."
2026-08-04T06:27:50Z ERR failed to serve incoming request error="Failed to proxy HTTP: Unable to reach the origin service. The service may be down or it may not be responding to traffic from cloudflared: read tcp [::1]:50224->[::1]:3000: wsarecv: An existing connection was forcibly closed by the remote host."
2026-08-04T06:27:50Z ERR  error="read tcp [::1]:50234->[::1]:3000: wsarecv: An existing connection was forcibly closed by the remote host." connIndex=0 event=1 ingressRule=0 originService=http://localhost:3000
2026-08-04T06:27:50Z ERR failed to serve incoming request error="Failed to proxy HTTP: read tcp [::1]:50267->[::1]:3000: wsarecv: An existing connection was forcibly closed by the remote host."
2026-08-04T06:27:50Z ERR failed to serve incoming request error="Failed to proxy HTTP: Unable to reach the origin service. The service may be down or it may not be responding to traffic from cloudflared: read tcp [::1]:50192->[::1]:3000: wsarecv: An existing connection was forcibly closed by the remote host."
2026-08-04T06:27:50Z ERR failed to serve incoming request error="Failed to proxy HTTP: read tcp [::1]:50261->[::1]:3000: wsarecv: An existing connection was forcibly closed by the remote host."
2026-08-04T06:27:50Z ERR failed to serve incoming request error="Failed to proxy HTTP: read tcp [::1]:50244->[::1]:3000: wsarecv: An existing connection was forcibly closed by the remote host."
2026-08-04T06:27:50Z ERR failed to serve incoming request error="Failed to proxy HTTP: Unable to reach the origin service. The service may be down or it may not be responding to traffic from cloudflared: read tcp [::1]:50195->[::1]:3000: wsarecv: An existing connection was forcibly closed by the remote host."
2026-08-04T06:27:50Z ERR failed to serve incoming request error="Failed to proxy HTTP: Unable to reach the origin service. The service may be down or it may not be responding to traffic from cloudflared: read tcp [::1]:50218->[::1]:3000: wsarecv: An existing connection was forcibly closed by the remote host."
2026-08-04T06:27:50Z ERR failed to serve incoming request error="Failed to proxy HTTP: Unable to reach the origin service. The service may be down or it may not be responding to traffic from cloudflared: read tcp [::1]:50189->[::1]:3000: wsarecv: An existing connection was forcibly closed by the remote host."
2026-08-04T06:27:50Z ERR failed to serve incoming request error="Failed to proxy HTTP: read tcp [::1]:50253->[::1]:3000: wsarecv: An existing connection was forcibly closed by the remote host."
2026-08-04T06:27:50Z ERR failed to serve incoming request error="Failed to proxy HTTP: read tcp [::1]:50257->[::1]:3000: wsarecv: An existing connection was forcibly closed by the remote host."
2026-08-04T06:27:50Z ERR failed to serve incoming request error="Failed to proxy HTTP: read tcp [::1]:50258->[::1]:3000: wsarecv: An existing connection was forcibly closed by the remote host."
2026-08-04T06:27:50Z ERR failed to serve incoming request error="Failed to proxy HTTP: read tcp [::1]:50252->[::1]:3000: wsarecv: An existing connection was forcibly closed by the remote host."
2026-08-04T06:27:50Z ERR failed to serve incoming request error="Failed to proxy HTTP: read tcp [::1]:50255->[::1]:3000: wsarecv: An existing connection was forcibly closed by the remote host."
2026-08-04T06:27:50Z ERR failed to serve incoming request error="Failed to proxy HTTP: read tcp [::1]:50276->[::1]:3000: wsarecv: An existing connection was forcibly closed by the remote host."
2026-08-04T06:27:50Z ERR failed to serve incoming request error="Failed to proxy HTTP: read tcp [::1]:50248->[::1]:3000: wsarecv: An existing connection was forcibly closed by the remote host."
2026-08-04T06:27:50Z ERR failed to serve incoming request error="Failed to proxy HTTP: read tcp [::1]:50247->[::1]:3000: wsarecv: An existing connection was forcibly closed by the remote host."
2026-08-04T06:27:50Z ERR failed to serve incoming request error="Failed to proxy HTTP: read tcp [::1]:50262->[::1]:3000: wsarecv: An existing connection was forcibly closed by the remote host."
2026-08-04T06:27:50Z ERR failed to serve incoming request error="Failed to proxy HTTP: read tcp [::1]:50249->[::1]:3000: wsarecv: An existing connection was forcibly closed by the remote host."
2026-08-04T06:27:50Z ERR failed to serve incoming request error="Failed to proxy HTTP: read tcp [::1]:50260->[::1]:3000: wsarecv: An existing connection was forcibly closed by the remote host."
2026-08-04T06:27:50Z ERR failed to serve incoming request error="Failed to proxy HTTP: read tcp [::1]:50265->[::1]:3000: wsarecv: An existing connection was forcibly closed by the remote host."
2026-08-04T06:27:50Z ERR failed to serve incoming request error="Failed to proxy HTTP: read tcp [::1]:50254->[::1]:3000: wsarecv: An existing connection was forcibly closed by the remote host."
2026-08-04T06:27:50Z ERR failed to serve incoming request error="Failed to proxy HTTP: read tcp [::1]:50264->[::1]:3000: wsarecv: An existing connection was forcibly closed by the remote host."
2026-08-04T06:27:50Z ERR failed to serve incoming request error="Failed to proxy HTTP: read tcp [::1]:50266->[::1]:3000: wsarecv: An existing connection was forcibly closed by the remote host."
2026-08-04T06:27:50Z ERR failed to serve incoming request error="Failed to proxy HTTP: read tcp [::1]:50250->[::1]:3000: wsarecv: An existing connection was forcibly closed by the remote host."
2026-08-04T06:27:50Z ERR failed to serve incoming request error="Failed to proxy HTTP: read tcp [::1]:50246->[::1]:3000: wsarecv: An existing connection was forcibly closed by the remote host."
2026-08-04T06:27:50Z ERR failed to serve incoming request error="Failed to proxy HTTP: read tcp [::1]:50278->[::1]:3000: wsarecv: An existing connection was forcibly closed by the remote host."
2026-08-04T06:27:50Z ERR failed to serve incoming request error="Failed to proxy HTTP: Unable to reach the origin service. The service may be down or it may not be responding to traffic from cloudflared: read tcp [::1]:50221->[::1]:3000: wsarecv: An existing connection was forcibly closed by the remote host."
2026-08-04T06:27:50Z ERR failed to serve incoming request error="Failed to proxy HTTP: read tcp [::1]:50256->[::1]:3000: wsarecv: An existing connection was forcibly closed by the remote host."
2026-08-04T06:27:50Z ERR failed to serve incoming request error="Failed to proxy HTTP: read tcp [::1]:50280->[::1]:3000: wsarecv: An existing connection was forcibly closed by the remote host."
2026-08-04T06:27:50Z ERR failed to serve incoming request error="Failed to proxy HTTP: read tcp [::1]:50269->[::1]:3000: wsarecv: An existing connection was forcibly closed by the remote host."
2026-08-04T06:27:50Z ERR failed to serve incoming request error="Failed to proxy HTTP: Unable to reach the origin service. The service may be down or it may not be responding to traffic from cloudflared: read tcp [::1]:50202->[::1]:3000: wsarecv: An existing connection was forcibly closed by the remote host."
2026-08-04T06:27:50Z ERR failed to serve incoming request error="Failed to proxy HTTP: read tcp [::1]:50277->[::1]:3000: wsarecv: An existing connection was forcibly closed by the remote host."
2026-08-04T06:27:50Z ERR failed to serve incoming request error="Failed to proxy HTTP: read tcp [::1]:50270->[::1]:3000: wsarecv: An existing connection was forcibly closed by the remote host."
2026-08-04T06:27:50Z ERR failed to serve incoming request error="Failed to proxy HTTP: read tcp [::1]:50259->[::1]:3000: wsarecv: An existing connection was forcibly closed by the remote host."
2026-08-04T06:27:50Z ERR failed to serve incoming request error="Failed to proxy HTTP: read tcp [::1]:50275->[::1]:3000: wsarecv: An existing connection was forcibly closed by the remote host."
2026-08-04T06:27:50Z ERR failed to serve incoming request error="Failed to proxy HTTP: read tcp [::1]:50274->[::1]:3000: wsarecv: An existing connection was forcibly closed by the remote host."
2026-08-04T06:27:50Z ERR failed to serve incoming request error="Failed to proxy HTTP: read tcp [::1]:50273->[::1]:3000: wsarecv: An existing connection was forcibly closed by the remote host."
2026-08-04T06:27:50Z ERR failed to serve incoming request error="Failed to proxy HTTP: read tcp [::1]:50271->[::1]:3000: wsarecv: An existing connection was forcibly closed by the remote host."
2026-08-04T06:27:50Z ERR failed to serve incoming request error="Failed to proxy HTTP: read tcp [::1]:50279->[::1]:3000: wsarecv: An existing connection was forcibly closed by the remote host."
2026-08-04T06:27:50Z ERR failed to serve incoming request error="Failed to proxy HTTP: Unable to reach the origin service. The service may be down or it may not be responding to traffic from cloudflared: read tcp [::1]:50283->[::1]:3000: wsarecv: An existing connection was forcibly closed by the remote host."
2026-08-04T06:27:50Z ERR failed to serve incoming request error="Failed to proxy HTTP: Unable to reach the origin service. The service may be down or it may not be responding to traffic from cloudflared: read tcp [::1]:50282->[::1]:3000: wsarecv: An existing connection was forcibly closed by the remote host."
2026-08-04T06:27:50Z ERR failed to serve incoming request error="Failed to proxy HTTP: read tcp [::1]:50251->[::1]:3000: wsarecv: An existing connection was forcibly closed by the remote host."
2026-08-04T06:27:50Z ERR failed to serve incoming request error="Failed to proxy HTTP: read tcp [::1]:50234->[::1]:3000: wsarecv: An existing connection was forcibly closed by the remote host."
2026-08-04T06:27:50Z ERR  error="Unable to reach the origin service. The service may be down or it may not be responding to traffic from cloudflared: dial tcp [::1]:3000: connectex: No connection could be made because the target machine actively refused it." connIndex=0 event=1 ingressRule=0 originService=http://localhost:3000
2026-08-04T06:27:50Z ERR failed to serve incoming request error="Failed to proxy HTTP: Unable to reach the origin service. The service may be down or it may not be responding to traffic from cloudflared: dial tcp [::1]:3000: connectex: No connection could be made because the target machine actively refused it."
2026-08-04T06:27:51Z ERR  error="Unable to reach the origin service. The service may be down or it may not be responding to traffic from cloudflared: dial tcp [::1]:3000: connectex: No connection could be made because the target machine actively refused it." connIndex=0 event=1 ingressRule=0 originService=http://localhost:3000
2026-08-04T06:27:51Z ERR failed to serve incoming request error="Failed to proxy HTTP: Unable to reach the origin service. The service may be down or it may not be responding to traffic from cloudflared: dial tcp [::1]:3000: connectex: No connection could be made because the target machine actively refused it."
2026-08-04T06:27:51Z ERR  error="Unable to reach the origin service. The service may be down or it may not be responding to traffic from cloudflared: dial tcp [::1]:3000: connectex: No connection could be made because the target machine actively refused it." connIndex=0 event=1 ingressRule=0 originService=http://localhost:3000
2026-08-04T06:27:51Z ERR failed to serve incoming request error="Failed to proxy HTTP: Unable to reach the origin service. The service may be down or it may not be responding to traffic from cloudflared: dial tcp [::1]:3000: connectex: No connection could be made because the target machine actively refused it."
2026-08-04T06:27:51Z ERR  error="Unable to reach the origin service. The service may be down or it may not be responding to traffic from cloudflared: dial tcp [::1]:3000: connectex: No connection could be made because the target machine actively refused it." connIndex=0 event=1 ingressRule=0 originService=http://localhost:3000
2026-08-04T06:27:51Z ERR  error="Unable to reach the origin service. The service may be down or it may not be responding to traffic from cloudflared: dial tcp [::1]:3000: connectex: No connection could be made because the target machine actively refused it." connIndex=0 event=1 ingressRule=0 originService=http://localhost:3000
2026-08-04T06:27:51Z ERR failed to serve incoming request error="Failed to proxy HTTP: Unable to reach the origin service. The service may be down or it may not be responding to traffic from cloudflared: dial tcp [::1]:3000: connectex: No connection could be made because the target machine actively refused it."
2026-08-04T06:27:51Z ERR failed to serve incoming request error="Failed to proxy HTTP: Unable to reach the origin service. The service may be down or it may not be responding to traffic from cloudflared: dial tcp [::1]:3000: connectex: No connection could be made because the target machine actively refused it."
2026-08-04T06:27:51Z ERR  error="Unable to reach the origin service. The service may be down or it may not be responding to traffic from cloudflared: dial tcp [::1]:3000: connectex: No connection could be made because the target machine actively refused it." connIndex=0 event=1 ingressRule=0 originService=http://localhost:3000
2026-08-04T06:27:51Z ERR failed to serve incoming request error="Failed to proxy HTTP: Unable to reach the origin service. The service may be down or it may not be responding to traffic from cloudflared: dial tcp [::1]:3000: connectex: No connection could be made because the target machine actively refused it."
2026-08-04T06:27:51Z ERR  error="Unable to reach the origin service. The service may be down or it may not be responding to traffic from cloudflared: dial tcp [::1]:3000: connectex: No connection could be made because the target machine actively refused it." connIndex=0 event=1 ingressRule=0 originService=http://localhost:3000
2026-08-04T06:27:51Z ERR  error="Unable to reach the origin service. The service may be down or it may not be responding to traffic from cloudflared: dial tcp [::1]:3000: connectex: No connection could be made because the target machine actively refused it." connIndex=0 event=1 ingressRule=0 originService=http://localhost:3000
2026-08-04T06:27:51Z ERR failed to serve incoming request error="Failed to proxy HTTP: Unable to reach the origin service. The service may be down or it may not be responding to traffic from cloudflared: dial tcp [::1]:3000: connectex: No connection could be made because the target machine actively refused it."
2026-08-04T06:27:51Z ERR  error="Unable to reach the origin service. The service may be down or it may not be responding to traffic from cloudflared: dial tcp [::1]:3000: connectex: No connection could be made because the target machine actively refused it." connIndex=0 event=1 ingressRule=0 originService=http://localhost:3000
2026-08-04T06:27:51Z ERR failed to serve incoming request error="Failed to proxy HTTP: Unable to reach the origin service. The service may be down or it may not be responding to traffic from cloudflared: dial tcp [::1]:3000: connectex: No connection could be made because the target machine actively refused it."
2026-08-04T06:27:51Z ERR  error="Unable to reach the origin service. The service may be down or it may not be responding to traffic from cloudflared: dial tcp [::1]:3000: connectex: No connection could be made because the target machine actively refused it." connIndex=0 event=1 ingressRule=0 originService=http://localhost:3000
2026-08-04T06:27:51Z ERR failed to serve incoming request error="Failed to proxy HTTP: Unable to reach the origin service. The service may be down or it may not be responding to traffic from cloudflared: dial tcp [::1]:3000: connectex: No connection could be made because the target machine actively refused it."
2026-08-04T06:27:51Z ERR  error="Unable to reach the origin service. The service may be down or it may not be responding to traffic from cloudflared: dial tcp [::1]:3000: connectex: No connection could be made because the target machine actively refused it." connIndex=0 event=1 ingressRule=0 originService=http://localhost:3000
2026-08-04T06:27:51Z ERR failed to serve incoming request error="Failed to proxy HTTP: Unable to reach the origin service. The service may be down or it may not be responding to traffic from cloudflared: dial tcp [::1]:3000: connectex: No connection could be made because the target machine actively refused it."
2026-08-04T06:27:51Z ERR failed to serve incoming request error="Failed to proxy HTTP: Unable to reach the origin service. The service may be down or it may not be responding to traffic from cloudflared: dial tcp [::1]:3000: connectex: No connection could be made because the target machine actively refused it."
2026-08-04T06:27:51Z ERR  error="Unable to reach the origin service. The service may be down or it may not be responding to traffic from cloudflared: dial tcp [::1]:3000: connectex: No connection could be made because the target machine actively refused it." connIndex=0 event=1 ingressRule=0 originService=http://localhost:3000
2026-08-04T06:27:51Z ERR failed to serve incoming request error="Failed to proxy HTTP: Unable to reach the origin service. The service may be down or it may not be responding to traffic from cloudflared: dial tcp [::1]:3000: connectex: No connection could be made because the target machine actively refused it."
2026-08-04T06:27:51Z ERR  error="Unable to reach the origin service. The service may be down or it may not be responding to traffic from cloudflared: dial tcp [::1]:3000: connectex: No connection could be made because the target machine actively refused it." connIndex=0 event=1 ingressRule=0 originService=http://localhost:3000
2026-08-04T06:27:51Z ERR failed to serve incoming request error="Failed to proxy HTTP: Unable to reach the origin service. The service may be down or it may not be responding to traffic from cloudflared: dial tcp [::1]:3000: connectex: No connection could be made because the target machine actively refused it."
2026-08-04T06:27:51Z ERR  error="Unable to reach the origin service. The service may be down or it may not be responding to traffic from cloudflared: dial tcp [::1]:3000: connectex: No connection could be made because the target machine actively refused it." connIndex=0 event=1 ingressRule=0 originService=http://localhost:3000
2026-08-04T06:27:51Z ERR failed to serve incoming request error="Failed to proxy HTTP: Unable to reach the origin service. The service may be down or it may not be responding to traffic from cloudflared: dial tcp [::1]:3000: connectex: No connection could be made because the target machine actively refused it."
2026-08-04T06:27:51Z ERR  error="Unable to reach the origin service. The service may be down or it may not be responding to traffic from cloudflared: dial tcp [::1]:3000: connectex: No connection could be made because the target machine actively refused it." connIndex=0 event=1 ingressRule=0 originService=http://localhost:3000
2026-08-04T06:27:51Z ERR failed to serve incoming request error="Failed to proxy HTTP: Unable to reach the origin service. The service may be down or it may not be responding to traffic from cloudflared: dial tcp [::1]:3000: connectex: No connection could be made because the target machine actively refused it."
2026-08-04T06:27:51Z ERR  error="Unable to reach the origin service. The service may be down or it may not be responding to traffic from cloudflared: dial tcp [::1]:3000: connectex: No connection could be made because the target machine actively refused it." connIndex=0 event=1 ingressRule=0 originService=http://localhost:3000
2026-08-04T06:27:51Z ERR failed to serve incoming request error="Failed to proxy HTTP: Unable to reach the origin service. The service may be down or it may not be responding to traffic from cloudflared: dial tcp [::1]:3000: connectex: No connection could be made because the target machine actively refused it."
2026-08-04T06:27:51Z ERR  error="Unable to reach the origin service. The service may be down or it may not be responding to traffic from cloudflared: dial tcp [::1]:3000: connectex: No connection could be made because the target machine actively refused it." connIndex=0 event=1 ingressRule=0 originService=http://localhost:3000
2026-08-04T06:27:51Z ERR failed to serve incoming request error="Failed to proxy HTTP: Unable to reach the origin service. The service may be down or it may not be responding to traffic from cloudflared: dial tcp [::1]:3000: connectex: No connection could be made because the target machine actively refused it."
2026-08-04T06:27:51Z ERR  error="Unable to reach the origin service. The service may be down or it may not be responding to traffic from cloudflared: dial tcp [::1]:3000: connectex: No connection could be made because the target machine actively refused it." connIndex=0 event=1 ingressRule=0 originService=http://localhost:3000
2026-08-04T06:27:51Z ERR failed to serve incoming request error="Failed to proxy HTTP: Unable to reach the origin service. The service may be down or it may not be responding to traffic from cloudflared: dial tcp [::1]:3000: connectex: No connection could be made because the target machine actively refused it."
2026-08-04T06:27:51Z ERR  error="Unable to reach the origin service. The service may be down or it may not be responding to traffic from cloudflared: dial tcp [::1]:3000: connectex: No connection could be made because the target machine actively refused it." connIndex=0 event=1 ingressRule=0 originService=http://localhost:3000
2026-08-04T06:27:51Z ERR failed to serve incoming request error="Failed to proxy HTTP: Unable to reach the origin service. The service may be down or it may not be responding to traffic from cloudflared: dial tcp [::1]:3000: connectex: No connection could be made because the target machine actively refused it."
2026-08-04T06:27:51Z ERR  error="Unable to reach the origin service. The service may be down or it may not be responding to traffic from cloudflared: dial tcp [::1]:3000: connectex: No connection could be made because the target machine actively refused it." connIndex=0 event=1 ingressRule=0 originService=http://localhost:3000
2026-08-04T06:27:51Z ERR failed to serve incoming request error="Failed to proxy HTTP: Unable to reach the origin service. The service may be down or it may not be responding to traffic from cloudflared: dial tcp [::1]:3000: connectex: No connection could be made because the target machine actively refused it."
2026-08-04T06:27:51Z ERR  error="Unable to reach the origin service. The service may be down or it may not be responding to traffic from cloudflared: dial tcp [::1]:3000: connectex: No connection could be made because the target machine actively refused it." connIndex=0 event=1 ingressRule=0 originService=http://localhost:3000
2026-08-04T06:27:51Z ERR failed to serve incoming request error="Failed to proxy HTTP: Unable to reach the origin service. The service may be down or it may not be responding to traffic from cloudflared: dial tcp [::1]:3000: connectex: No connection could be made because the target machine actively refused it."
2026-08-04T06:27:51Z ERR  error="Unable to reach the origin service. The service may be down or it may not be responding to traffic from cloudflared: dial tcp [::1]:3000: connectex: No connection could be made because the target machine actively refused it." connIndex=0 event=1 ingressRule=0 originService=http://localhost:3000
2026-08-04T06:27:51Z ERR failed to serve incoming request error="Failed to proxy HTTP: Unable to reach the origin service. The service may be down or it may not be responding to traffic from cloudflared: dial tcp [::1]:3000: connectex: No connection could be made because the target machine actively refused it."
2026-08-04T06:27:51Z ERR  error="Unable to reach the origin service. The service may be down or it may not be responding to traffic from cloudflared: dial tcp [::1]:3000: connectex: No connection could be made because the target machine actively refused it." connIndex=0 event=1 ingressRule=0 originService=http://localhost:3000
2026-08-04T06:27:51Z ERR failed to serve incoming request error="Failed to proxy HTTP: Unable to reach the origin service. The service may be down or it may not be responding to traffic from cloudflared: dial tcp [::1]:3000: connectex: No connection could be made because the target machine actively refused it."
2026-08-04T06:27:51Z ERR  error="Unable to reach the origin service. The service may be down or it may not be responding to traffic from cloudflared: dial tcp [::1]:3000: connectex: No connection could be made because the target machine actively refused it." connIndex=0 event=1 ingressRule=0 originService=http://localhost:3000
2026-08-04T06:27:51Z ERR failed to serve incoming request error="Failed to proxy HTTP: Unable to reach the origin service. The service may be down or it may not be responding to traffic from cloudflared: dial tcp [::1]:3000: connectex: No connection could be made because the target machine actively refused it."
2026-08-04T06:27:51Z ERR  error="Unable to reach the origin service. The service may be down or it may not be responding to traffic from cloudflared: dial tcp [::1]:3000: connectex: No connection could be made because the target machine actively refused it." connIndex=0 event=1 ingressRule=0 originService=http://localhost:3000
2026-08-04T06:27:51Z ERR failed to serve incoming request error="Failed to proxy HTTP: Unable to reach the origin service. The service may be down or it may not be responding to traffic from cloudflared: dial tcp [::1]:3000: connectex: No connection could be made because the target machine actively refused it."
2026-08-04T06:27:51Z ERR  error="Unable to reach the origin service. The service may be down or it may not be responding to traffic from cloudflared: dial tcp [::1]:3000: connectex: No connection could be made because the target machine actively refused it." connIndex=0 event=1 ingressRule=0 originService=http://localhost:3000
2026-08-04T06:27:51Z ERR failed to serve incoming request error="Failed to proxy HTTP: Unable to reach the origin service. The service may be down or it may not be responding to traffic from cloudflared: dial tcp [::1]:3000: connectex: No connection could be made because the target machine actively refused it."
2026-08-04T06:27:51Z ERR  error="Unable to reach the origin service. The service may be down or it may not be responding to traffic from cloudflared: dial tcp [::1]:3000: connectex: No connection could be made because the target machine actively refused it." connIndex=0 event=1 ingressRule=0 originService=http://localhost:3000
2026-08-04T06:27:51Z ERR failed to serve incoming request error="Failed to proxy HTTP: Unable to reach the origin service. The service may be down or it may not be responding to traffic from cloudflared: dial tcp [::1]:3000: connectex: No connection could be made because the target machine actively refused it."
2026-08-04T06:27:51Z ERR  error="Unable to reach the origin service. The service may be down or it may not be responding to traffic from cloudflared: dial tcp [::1]:3000: connectex: No connection could be made because the target machine actively refused it." connIndex=0 event=1 ingressRule=0 originService=http://localhost:3000
2026-08-04T06:27:51Z ERR failed to serve incoming request error="Failed to proxy HTTP: Unable to reach the origin service. The service may be down or it may not be responding to traffic from cloudflared: dial tcp [::1]:3000: connectex: No connection could be made because the target machine actively refused it."
2026-08-04T06:27:51Z ERR  error="Unable to reach the origin service. The service may be down or it may not be responding to traffic from cloudflared: dial tcp [::1]:3000: connectex: No connection could be made because the target machine actively refused it." connIndex=0 event=1 ingressRule=0 originService=http://localhost:3000
2026-08-04T06:27:51Z ERR failed to serve incoming request error="Failed to proxy HTTP: Unable to reach the origin service. The service may be down or it may not be responding to traffic from cloudflared: dial tcp [::1]:3000: connectex: No connection could be made because the target machine actively refused it."
2026-08-04T06:27:51Z ERR  error="Unable to reach the origin service. The service may be down or it may not be responding to traffic from cloudflared: dial tcp [::1]:3000: connectex: No connection could be made because the target machine actively refused it." connIndex=0 event=1 ingressRule=0 originService=http://localhost:3000
2026-08-04T06:27:51Z ERR failed to serve incoming request error="Failed to proxy HTTP: Unable to reach the origin service. The service may be down or it may not be responding to traffic from cloudflared: dial tcp [::1]:3000: connectex: No connection could be made because the target machine actively refused it."
2026-08-04T06:27:51Z ERR  error="Unable to reach the origin service. The service may be down or it may not be responding to traffic from cloudflared: dial tcp [::1]:3000: connectex: No connection could be made because the target machine actively refused it." connIndex=0 event=1 ingressRule=0 originService=http://localhost:3000
2026-08-04T06:27:51Z ERR failed to serve incoming request error="Failed to proxy HTTP: Unable to reach the origin service. The service may be down or it may not be responding to traffic from cloudflared: dial tcp [::1]:3000: connectex: No connection could be made because the target machine actively refused it."
2026-08-04T06:27:51Z ERR  error="Unable to reach the origin service. The service may be down or it may not be responding to traffic from cloudflared: dial tcp [::1]:3000: connectex: No connection could be made because the target machine actively refused it." connIndex=0 event=1 ingressRule=0 originService=http://localhost:3000
2026-08-04T06:27:51Z ERR failed to serve incoming request error="Failed to proxy HTTP: Unable to reach the origin service. The service may be down or it may not be responding to traffic from cloudflared: dial tcp [::1]:3000: connectex: No connection could be made because the target machine actively refused it."
2026-08-04T06:27:51Z ERR  error="Unable to reach the origin service. The service may be down or it may not be responding to traffic from cloudflared: dial tcp [::1]:3000: connectex: No connection could be made because the target machine actively refused it." connIndex=0 event=1 ingressRule=0 originService=http://localhost:3000
2026-08-04T06:27:51Z ERR failed to serve incoming request error="Failed to proxy HTTP: Unable to reach the origin service. The service may be down or it may not be responding to traffic from cloudflared: dial tcp [::1]:3000: connectex: No connection could be made because the target machine actively refused it."
2026-08-04T06:27:51Z ERR  error="Unable to reach the origin service. The service may be down or it may not be responding to traffic from cloudflared: dial tcp [::1]:3000: connectex: No connection could be made because the target machine actively refused it." connIndex=0 event=1 ingressRule=0 originService=http://localhost:3000
2026-08-04T06:27:51Z ERR  error="Unable to reach the origin service. The service may be down or it may not be responding to traffic from cloudflared: dial tcp [::1]:3000: connectex: No connection could be made because the target machine actively refused it." connIndex=0 event=1 ingressRule=0 originService=http://localhost:3000
2026-08-04T06:27:51Z ERR failed to serve incoming request error="Failed to proxy HTTP: Unable to reach the origin service. The service may be down or it may not be responding to traffic from cloudflared: dial tcp [::1]:3000: connectex: No connection could be made because the target machine actively refused it."
2026-08-04T06:27:51Z ERR  error="Unable to reach the origin service. The service may be down or it may not be responding to traffic from cloudflared: dial tcp [::1]:3000: connectex: No connection could be made because the target machine actively refused it." connIndex=0 event=1 ingressRule=0 originService=http://localhost:3000
2026-08-04T06:27:51Z ERR failed to serve incoming request error="Failed to proxy HTTP: Unable to reach the origin service. The service may be down or it may not be responding to traffic from cloudflared: dial tcp [::1]:3000: connectex: No connection could be made because the target machine actively refused it."
2026-08-04T06:27:51Z ERR  error="Unable to reach the origin service. The service may be down or it may not be responding to traffic from cloudflared: dial tcp [::1]:3000: connectex: No connection could be made because the target machine actively refused it." connIndex=0 event=1 ingressRule=0 originService=http://localhost:3000
2026-08-04T06:27:51Z ERR failed to serve incoming request error="Failed to proxy HTTP: Unable to reach the origin service. The service may be down or it may not be responding to traffic from cloudflared: dial tcp [::1]:3000: connectex: No connection could be made because the target machine actively refused it."
2026-08-04T06:27:51Z ERR  error="Unable to reach the origin service. The service may be down or it may not be responding to traffic from cloudflared: dial tcp [::1]:3000: connectex: No connection could be made because the target machine actively refused it." connIndex=0 event=1 ingressRule=0 originService=http://localhost:3000
2026-08-04T06:27:51Z ERR failed to serve incoming request error="Failed to proxy HTTP: Unable to reach the origin service. The service may be down or it may not be responding to traffic from cloudflared: dial tcp [::1]:3000: connectex: No connection could be made because the target machine actively refused it."
2026-08-04T06:27:51Z ERR  error="Unable to reach the origin service. The service may be down or it may not be responding to traffic from cloudflared: dial tcp [::1]:3000: connectex: No connection could be made because the target machine actively refused it." connIndex=0 event=1 ingressRule=0 originService=http://localhost:3000
2026-08-04T06:27:51Z ERR failed to serve incoming request error="Failed to proxy HTTP: Unable to reach the origin service. The service may be down or it may not be responding to traffic from cloudflared: dial tcp [::1]:3000: connectex: No connection could be made because the target machine actively refused it."
2026-08-04T06:27:51Z ERR  error="Unable to reach the origin service. The service may be down or it may not be responding to traffic from cloudflared: dial tcp [::1]:3000: connectex: No connection could be made because the target machine actively refused it." connIndex=0 event=1 ingressRule=0 originService=http://localhost:3000
2026-08-04T06:27:51Z ERR failed to serve incoming request error="Failed to proxy HTTP: Unable to reach the origin service. The service may be down or it may not be responding to traffic from cloudflared: dial tcp [::1]:3000: connectex: No connection could be made because the target machine actively refused it."
2026-08-04T06:27:51Z ERR  error="Incoming request ended abruptly: context canceled" connIndex=0 event=1 ingressRule=0 originService=http://localhost:3000
2026-08-04T06:27:51Z ERR failed to serve incoming request error="Failed to proxy HTTP: Incoming request ended abruptly: context canceled"
2026-08-04T06:27:51Z ERR  error="Incoming request ended abruptly: context canceled" connIndex=0 event=1 ingressRule=0 originService=http://localhost:3000
2026-08-04T06:27:51Z ERR failed to serve incoming request error="Failed to proxy HTTP: Incoming request ended abruptly: context canceled"
2026-08-04T06:27:51Z ERR  error="Incoming request ended abruptly: context canceled" connIndex=0 event=1 ingressRule=0 originService=http://localhost:3000
2026-08-04T06:27:51Z ERR failed to serve incoming request error="Failed to proxy HTTP: Incoming request ended abruptly: context canceled"
2026-08-04T06:27:51Z ERR  error="Unable to reach the origin service. The service may be down or it may not be responding to traffic from cloudflared: dial tcp [::1]:3000: connectex: No connection could be made because the target machine actively refused it." connIndex=0 event=1 ingressRule=0 originService=http://localhost:3000
2026-08-04T06:27:51Z ERR failed to serve incoming request error="Failed to proxy HTTP: Unable to reach the origin service. The service may be down or it may not be responding to traffic from cloudflared: dial tcp [::1]:3000: connectex: No connection could be made because the target machine actively refused it."
2026-08-04T06:27:51Z ERR  error="Unable to reach the origin service. The service may be down or it may not be responding to traffic from cloudflared: dial tcp [::1]:3000: connectex: No connection could be made because the target machine actively refused it." connIndex=0 event=1 ingressRule=0 originService=http://localhost:3000
2026-08-04T06:27:51Z ERR failed to serve incoming request error="Failed to proxy HTTP: Unable to reach the origin service. The service may be down or it may not be responding to traffic from cloudflared: dial tcp [::1]:3000: connectex: No connection could be made because the target machine actively refused it."
2026-08-04T06:27:51Z ERR  error="Incoming request ended abruptly: context canceled" connIndex=0 event=1 ingressRule=0 originService=http://localhost:3000
2026-08-04T06:27:51Z ERR failed to serve incoming request error="Failed to proxy HTTP: Incoming request ended abruptly: context canceled"
2026-08-04T06:27:51Z ERR  error="Unable to reach the origin service. The service may be down or it may not be responding to traffic from cloudflared: dial tcp [::1]:3000: connectex: No connection could be made because the target machine actively refused it." connIndex=0 event=1 ingressRule=0 originService=http://localhost:3000
2026-08-04T06:27:51Z ERR  error="Incoming request ended abruptly: context canceled" connIndex=0 event=1 ingressRule=0 originService=http://localhost:3000
2026-08-04T06:27:51Z ERR  error="Unable to reach the origin service. The service may be down or it may not be responding to traffic from cloudflared: dial tcp [::1]:3000: connectex: No connection could be made because the target machine actively refused it." connIndex=0 event=1 ingressRule=0 originService=http://localhost:3000
2026-08-04T06:27:51Z ERR failed to serve incoming request error="Failed to proxy HTTP: Unable to reach the origin service. The service may be down or it may not be responding to traffic from cloudflared: dial tcp [::1]:3000: connectex: No connection could be made because the target machine actively refused it."
2026-08-04T06:27:51Z ERR  error="Unable to reach the origin service. The service may be down or it may not be responding to traffic from cloudflared: dial tcp [::1]:3000: connectex: No connection could be made because the target machine actively refused it." connIndex=0 event=1 ingressRule=0 originService=http://localhost:3000
2026-08-04T06:27:51Z ERR failed to serve incoming request error="Failed to proxy HTTP: Unable to reach the origin service. The service may be down or it may not be responding to traffic from cloudflared: dial tcp [::1]:3000: connectex: No connection could be made because the target machine actively refused it."
2026-08-04T06:27:51Z ERR  error="Incoming request ended abruptly: context canceled" connIndex=0 event=1 ingressRule=0 originService=http://localhost:3000
2026-08-04T06:27:51Z ERR failed to serve incoming request error="Failed to proxy HTTP: Incoming request ended abruptly: context canceled"
2026-08-04T06:27:51Z ERR  error="Incoming request ended abruptly: context canceled" connIndex=0 event=1 ingressRule=0 originService=http://localhost:3000
2026-08-04T06:27:51Z ERR failed to serve incoming request error="Failed to proxy HTTP: Incoming request ended abruptly: context canceled"
2026-08-04T06:27:51Z ERR  error="Unable to reach the origin service. The service may be down or it may not be responding to traffic from cloudflared: dial tcp [::1]:3000: connectex: No connection could be made because the target machine actively refused it." connIndex=0 event=1 ingressRule=0 originService=http://localhost:3000
2026-08-04T06:27:51Z ERR  error="Incoming request ended abruptly: context canceled" connIndex=0 event=1 ingressRule=0 originService=http://localhost:3000
2026-08-04T06:27:52Z ERR failed to serve incoming request error="Failed to proxy HTTP: Incoming request ended abruptly: context canceled"
2026-08-04T06:27:51Z ERR  error="Incoming request ended abruptly: context canceled" connIndex=0 event=1 ingressRule=0 originService=http://localhost:3000
2026-08-04T06:27:52Z ERR failed to serve incoming request error="Failed to proxy HTTP: Incoming request ended abruptly: context canceled"
2026-08-04T06:27:51Z ERR  error="Unable to reach the origin service. The service may be down or it may not be responding to traffic from cloudflared: dial tcp [::1]:3000: connectex: No connection could be made because the target machine actively refused it." connIndex=0 event=1 ingressRule=0 originService=http://localhost:3000
2026-08-04T06:27:52Z ERR failed to serve incoming request error="Failed to proxy HTTP: Unable to reach the origin service. The service may be down or it may not be responding to traffic from cloudflared: dial tcp [::1]:3000: connectex: No connection could be made because the target machine actively refused it."
2026-08-04T06:27:52Z ERR  error="Unable to reach the origin service. The service may be down or it may not be responding to traffic from cloudflared: dial tcp [::1]:3000: connectex: No connection could be made because the target machine actively refused it." connIndex=0 event=1 ingressRule=0 originService=http://localhost:3000
2026-08-04T06:27:52Z ERR failed to serve incoming request error="Failed to proxy HTTP: Unable to reach the origin service. The service may be down or it may not be responding to traffic from cloudflared: dial tcp [::1]:3000: connectex: No connection could be made because the target machine actively refused it."
2026-08-04T06:27:51Z ERR failed to serve incoming request error="Failed to proxy HTTP: Unable to reach the origin service. The service may be down or it may not be responding to traffic from cloudflared: dial tcp [::1]:3000: connectex: No connection could be made because the target machine actively refused it."
2026-08-04T06:27:51Z ERR  error="Unable to reach the origin service. The service may be down or it may not be responding to traffic from cloudflared: dial tcp [::1]:3000: connectex: No connection could be made because the target machine actively refused it." connIndex=0 event=1 ingressRule=0 originService=http://localhost:3000
2026-08-04T06:27:52Z ERR failed to serve incoming request error="Failed to proxy HTTP: Unable to reach the origin service. The service may be down or it may not be responding to traffic from cloudflared: dial tcp [::1]:3000: connectex: No connection could be made because the target machine actively refused it."
2026-08-04T06:27:52Z ERR  error="Unable to reach the origin service. The service may be down or it may not be responding to traffic from cloudflared: dial tcp [::1]:3000: connectex: No connection could be made because the target machine actively refused it." connIndex=0 event=1 ingressRule=0 originService=http://localhost:3000
2026-08-04T06:27:51Z ERR  error="Unable to reach the origin service. The service may be down or it may not be responding to traffic from cloudflared: dial tcp [::1]:3000: connectex: No connection could be made because the target machine actively refused it." connIndex=0 event=1 ingressRule=0 originService=http://localhost:3000
2026-08-04T06:27:51Z ERR  error="Incoming request ended abruptly: context canceled" connIndex=0 event=1 ingressRule=0 originService=http://localhost:3000
2026-08-04T06:27:51Z ERR  error="Unable to reach the origin service. The service may be down or it may not be responding to traffic from cloudflared: dial tcp [::1]:3000: connectex: No connection could be made because the target machine actively refused it." connIndex=0 event=1 ingressRule=0 originService=http://localhost:3000
2026-08-04T06:27:51Z ERR  error="Incoming request ended abruptly: context canceled" connIndex=0 event=1 ingressRule=0 originService=http://localhost:3000
2026-08-04T06:27:52Z ERR failed to serve incoming request error="Failed to proxy HTTP: Incoming request ended abruptly: context canceled"
2026-08-04T06:27:51Z ERR  error="Unable to reach the origin service. The service may be down or it may not be responding to traffic from cloudflared: dial tcp [::1]:3000: connectex: No connection could be made because the target machine actively refused it." connIndex=0 event=1 ingressRule=0 originService=http://localhost:3000
2026-08-04T06:27:52Z ERR failed to serve incoming request error="Failed to proxy HTTP: Unable to reach the origin service. The service may be down or it may not be responding to traffic from cloudflared: dial tcp [::1]:3000: connectex: No connection could be made because the target machine actively refused it."
2026-08-04T06:27:51Z ERR  error="Unable to reach the origin service. The service may be down or it may not be responding to traffic from cloudflared: dial tcp [::1]:3000: connectex: No connection could be made because the target machine actively refused it." connIndex=0 event=1 ingressRule=0 originService=http://localhost:3000
2026-08-04T06:27:51Z ERR  error="Unable to reach the origin service. The service may be down or it may not be responding to traffic from cloudflared: dial tcp [::1]:3000: connectex: No connection could be made because the target machine actively refused it." connIndex=0 event=1 ingressRule=0 originService=http://localhost:3000
2026-08-04T06:27:52Z ERR failed to serve incoming request error="Failed to proxy HTTP: Unable to reach the origin service. The service may be down or it may not be responding to traffic from cloudflared: dial tcp [::1]:3000: connectex: No connection could be made because the target machine actively refused it."
2026-08-04T06:27:51Z ERR  error="Unable to reach the origin service. The service may be down or it may not be responding to traffic from cloudflared: dial tcp [::1]:3000: connectex: No connection could be made because the target machine actively refused it." connIndex=0 event=1 ingressRule=0 originService=http://localhost:3000
2026-08-04T06:27:52Z ERR failed to serve incoming request error="Failed to proxy HTTP: Unable to reach the origin service. The service may be down or it may not be responding to traffic from cloudflared: dial tcp [::1]:3000: connectex: No connection could be made because the target machine actively refused it."
2026-08-04T06:27:51Z ERR  error="Unable to reach the origin service. The service may be down or it may not be responding to traffic from cloudflared: dial tcp [::1]:3000: connectex: No connection could be made because the target machine actively refused it." connIndex=0 event=1 ingressRule=0 originService=http://localhost:3000
2026-08-04T06:27:52Z ERR  error="Unable to reach the origin service. The service may be down or it may not be responding to traffic from cloudflared: dial tcp [::1]:3000: connectex: No connection could be made because the target machine actively refused it." connIndex=0 event=1 ingressRule=0 originService=http://localhost:3000
2026-08-04T06:27:51Z ERR  error="Unable to reach the origin service. The service may be down or it may not be responding to traffic from cloudflared: dial tcp [::1]:3000: connectex: No connection could be made because the target machine actively refused it." connIndex=0 event=1 ingressRule=0 originService=http://localhost:3000
2026-08-04T06:27:52Z ERR  error="Unable to reach the origin service. The service may be down or it may not be responding to traffic from cloudflared: dial tcp [::1]:3000: connectex: No connection could be made because the target machine actively refused it." connIndex=0 event=1 ingressRule=0 originService=http://localhost:3000
2026-08-04T06:27:52Z ERR failed to serve incoming request error="Failed to proxy HTTP: Unable to reach the origin service. The service may be down or it may not be responding to traffic from cloudflared: dial tcp [::1]:3000: connectex: No connection could be made because the target machine actively refused it."
2026-08-04T06:27:51Z ERR failed to serve incoming request error="Failed to proxy HTTP: Unable to reach the origin service. The service may be down or it may not be responding to traffic from cloudflared: dial tcp [::1]:3000: connectex: No connection could be made because the target machine actively refused it."
2026-08-04T06:27:51Z ERR  error="Unable to reach the origin service. The service may be down or it may not be responding to traffic from cloudflared: dial tcp [::1]:3000: connectex: No connection could be made because the target machine actively refused it." connIndex=0 event=1 ingressRule=0 originService=http://localhost:3000
2026-08-04T06:27:52Z ERR failed to serve incoming request error="Failed to proxy HTTP: Unable to reach the origin service. The service may be down or it may not be responding to traffic from cloudflared: dial tcp [::1]:3000: connectex: No connection could be made because the target machine actively refused it."
2026-08-04T06:27:52Z ERR  error="Unable to reach the origin service. The service may be down or it may not be responding to traffic from cloudflared: dial tcp [::1]:3000: connectex: No connection could be made because the target machine actively refused it." connIndex=0 event=1 ingressRule=0 originService=http://localhost:3000
2026-08-04T06:27:51Z ERR failed to serve incoming request error="Failed to proxy HTTP: Incoming request ended abruptly: context canceled"
2026-08-04T06:27:52Z ERR  error="Unable to reach the origin service. The service may be down or it may not be responding to traffic from cloudflared: dial tcp [::1]:3000: connectex: No connection could be made because the target machine actively refused it." connIndex=0 event=1 ingressRule=0 originService=http://localhost:3000
2026-08-04T06:27:52Z ERR failed to serve incoming request error="Failed to proxy HTTP: Unable to reach the origin service. The service may be down or it may not be responding to traffic from cloudflared: dial tcp [::1]:3000: connectex: No connection could be made because the target machine actively refused it."
2026-08-04T06:27:52Z ERR  error="Unable to reach the origin service. The service may be down or it may not be responding to traffic from cloudflared: dial tcp [::1]:3000: connectex: No connection could be made because the target machine actively refused it." connIndex=0 event=1 ingressRule=0 originService=http://localhost:3000
2026-08-04T06:27:52Z ERR failed to serve incoming request error="Failed to proxy HTTP: Unable to reach the origin service. The service may be down or it may not be responding to traffic from cloudflared: dial tcp [::1]:3000: connectex: No connection could be made because the target machine actively refused it."
2026-08-04T06:27:51Z ERR  error="Unable to reach the origin service. The service may be down or it may not be responding to traffic from cloudflared: dial tcp [::1]:3000: connectex: No connection could be made because the target machine actively refused it." connIndex=0 event=1 ingressRule=0 originService=http://localhost:3000
2026-08-04T06:27:52Z ERR failed to serve incoming request error="Failed to proxy HTTP: Unable to reach the origin service. The service may be down or it may not be responding to traffic from cloudflared: dial tcp [::1]:3000: connectex: No connection could be made because the target machine actively refused it."
2026-08-04T06:27:52Z ERR  error="Unable to reach the origin service. The service may be down or it may not be responding to traffic from cloudflared: dial tcp [::1]:3000: connectex: No connection could be made because the target machine actively refused it." connIndex=0 event=1 ingressRule=0 originService=http://localhost:3000
2026-08-04T06:27:52Z ERR failed to serve incoming request error="Failed to proxy HTTP: Unable to reach the origin service. The service may be down or it may not be responding to traffic from cloudflared: dial tcp [::1]:3000: connectex: No connection could be made because the target machine actively refused it."
2026-08-04T06:27:51Z ERR  error="Unable to reach the origin service. The service may be down or it may not be responding to traffic from cloudflared: dial tcp [::1]:3000: connectex: No connection could be made because the target machine actively refused it." connIndex=0 event=1 ingressRule=0 originService=http://localhost:3000
2026-08-04T06:27:52Z ERR failed to serve incoming request error="Failed to proxy HTTP: Unable to reach the origin service. The service may be down or it may not be responding to traffic from cloudflared: dial tcp [::1]:3000: connectex: No connection could be made because the target machine actively refused it."
2026-08-04T06:27:52Z ERR failed to serve incoming request error="Failed to proxy HTTP: Unable to reach the origin service. The service may be down or it may not be responding to traffic from cloudflared: dial tcp [::1]:3000: connectex: No connection could be made because the target machine actively refused it."
2026-08-04T06:27:52Z ERR failed to serve incoming request error="Failed to proxy HTTP: Unable to reach the origin service. The service may be down or it may not be responding to traffic from cloudflared: dial tcp [::1]:3000: connectex: No connection could be made because the target machine actively refused it."
2026-08-04T06:27:52Z ERR failed to serve incoming request error="Failed to proxy HTTP: Incoming request ended abruptly: context canceled"
2026-08-04T06:27:52Z ERR failed to serve incoming request error="Failed to proxy HTTP: Unable to reach the origin service. The service may be down or it may not be responding to traffic from cloudflared: dial tcp [::1]:3000: connectex: No connection could be made because the target machine actively refused it."
2026-08-04T06:27:51Z ERR  error="Unable to reach the origin service. The service may be down or it may not be responding to traffic from cloudflared: dial tcp [::1]:3000: connectex: No connection could be made because the target machine actively refused it." connIndex=0 event=1 ingressRule=0 originService=http://localhost:3000
2026-08-04T06:27:52Z ERR failed to serve incoming request error="Failed to proxy HTTP: Unable to reach the origin service. The service may be down or it may not be responding to traffic from cloudflared: dial tcp [::1]:3000: connectex: No connection could be made because the target machine actively refused it."
2026-08-04T06:27:52Z ERR failed to serve incoming request error="Failed to proxy HTTP: Unable to reach the origin service. The service may be down or it may not be responding to traffic from cloudflared: dial tcp [::1]:3000: connectex: No connection could be made because the target machine actively refused it."
2026-08-04T06:27:51Z ERR  error="Unable to reach the origin service. The service may be down or it may not be responding to traffic from cloudflared: dial tcp [::1]:3000: connectex: No connection could be made because the target machine actively refused it." connIndex=0 event=1 ingressRule=0 originService=http://localhost:3000
2026-08-04T06:27:51Z ERR failed to serve incoming request error="Failed to proxy HTTP: Unable to reach the origin service. The service may be down or it may not be responding to traffic from cloudflared: dial tcp [::1]:3000: connectex: No connection could be made because the target machine actively refused it."
2026-08-04T06:27:52Z ERR failed to serve incoming request error="Failed to proxy HTTP: Unable to reach the origin service. The service may be down or it may not be responding to traffic from cloudflared: dial tcp [::1]:3000: connectex: No connection could be made because the target machine actively refused it."
2026-08-04T06:27:52Z ERR failed to serve incoming request error="Failed to proxy HTTP: Unable to reach the origin service. The service may be down or it may not be responding to traffic from cloudflared: dial tcp [::1]:3000: connectex: No connection could be made because the target machine actively refused it."
2026-08-04T06:27:52Z ERR  error="Unable to reach the origin service. The service may be down or it may not be responding to traffic from cloudflared: dial tcp [::1]:3000: connectex: No connection could be made because the target machine actively refused it." connIndex=0 event=1 ingressRule=0 originService=http://localhost:3000
2026-08-04T06:27:52Z ERR failed to serve incoming request error="Failed to proxy HTTP: Unable to reach the origin service. The service may be down or it may not be responding to traffic from cloudflared: dial tcp [::1]:3000: connectex: No connection could be made because the target machine actively refused it."
2026-08-04T06:27:52Z ERR  error="Unable to reach the origin service. The service may be down or it may not be responding to traffic from cloudflared: dial tcp [::1]:3000: connectex: No connection could be made because the target machine actively refused it." connIndex=0 event=1 ingressRule=0 originService=http://localhost:3000
2026-08-04T06:27:52Z ERR failed to serve incoming request error="Failed to proxy HTTP: Unable to reach the origin service. The service may be down or it may not be responding to traffic from cloudflared: dial tcp [::1]:3000: connectex: No connection could be made because the target machine actively refused it."
2026-08-04T06:27:52Z ERR  error="Unable to reach the origin service. The service may be down or it may not be responding to traffic from cloudflared: dial tcp [::1]:3000: connectex: No connection could be made because the target machine actively refused it." connIndex=0 event=1 ingressRule=0 originService=http://localhost:3000
2026-08-04T06:27:52Z ERR  error="Unable to reach the origin service. The service may be down or it may not be responding to traffic from cloudflared: dial tcp [::1]:3000: connectex: No connection could be made because the target machine actively refused it." connIndex=0 event=1 ingressRule=0 originService=http://localhost:3000
2026-08-04T06:27:52Z ERR  error="Unable to reach the origin service. The service may be down or it may not be responding to traffic from cloudflared: dial tcp [::1]:3000: connectex: No connection could be made because the target machine actively refused it." connIndex=0 event=1 ingressRule=0 originService=http://localhost:3000
2026-08-04T06:27:52Z ERR  error="Unable to reach the origin service. The service may be down or it may not be responding to traffic from cloudflared: dial tcp [::1]:3000: connectex: No connection could be made because the target machine actively refused it." connIndex=0 event=1 ingressRule=0 originService=http://localhost:3000
2026-08-04T06:27:52Z ERR  error="Unable to reach the origin service. The service may be down or it may not be responding to traffic from cloudflared: dial tcp [::1]:3000: connectex: No connection could be made because the target machine actively refused it." connIndex=0 event=1 ingressRule=0 originService=http://localhost:3000
2026-08-04T06:27:51Z ERR  error="Incoming request ended abruptly: context canceled" connIndex=0 event=1 ingressRule=0 originService=http://localhost:3000
2026-08-04T06:27:52Z ERR failed to serve incoming request error="Failed to proxy HTTP: Unable to reach the origin service. The service may be down or it may not be responding to traffic from cloudflared: dial tcp [::1]:3000: connectex: No connection could be made because the target machine actively refused it."
2026-08-04T06:27:52Z ERR failed to serve incoming request error="Failed to proxy HTTP: Unable to reach the origin service. The service may be down or it may not be responding to traffic from cloudflared: dial tcp [::1]:3000: connectex: No connection could be made because the target machine actively refused it."
2026-08-04T06:27:52Z ERR failed to serve incoming request error="Failed to proxy HTTP: Unable to reach the origin service. The service may be down or it may not be responding to traffic from cloudflared: dial tcp [::1]:3000: connectex: No connection could be made because the target machine actively refused it."
2026-08-04T06:27:52Z ERR failed to serve incoming request error="Failed to proxy HTTP: Unable to reach the origin service. The service may be down or it may not be responding to traffic from cloudflared: dial tcp [::1]:3000: connectex: No connection could be made because the target machine actively refused it."
2026-08-04T06:27:52Z ERR failed to serve incoming request error="Failed to proxy HTTP: Unable to reach the origin service. The service may be down or it may not be responding to traffic from cloudflared: dial tcp [::1]:3000: connectex: No connection could be made because the target machine actively refused it."
2026-08-04T06:27:52Z ERR failed to serve incoming request error="Failed to proxy HTTP: Unable to reach the origin service. The service may be down or it may not be responding to traffic from cloudflared: dial tcp [::1]:3000: connectex: No connection could be made because the target machine actively refused it."
2026-08-04T06:27:52Z ERR failed to serve incoming request error="Failed to proxy HTTP: Unable to reach the origin service. The service may be down or it may not be responding to traffic from cloudflared: dial tcp [::1]:3000: connectex: No connection could be made because the target machine actively refused it."
2026-08-04T06:27:52Z ERR failed to serve incoming request error="Failed to proxy HTTP: Unable to reach the origin service. The service may be down or it may not be responding to traffic from cloudflared: dial tcp [::1]:3000: connectex: No connection could be made because the target machine actively refused it."
2026-08-04T06:27:52Z ERR failed to serve incoming request error="Failed to proxy HTTP: Incoming request ended abruptly: context canceled"
2026-08-04T06:27:52Z ERR  error="Unable to reach the origin service. The service may be down or it may not be responding to traffic from cloudflared: dial tcp [::1]:3000: connectex: No connection could be made because the target machine actively refused it." connIndex=0 event=1 ingressRule=0 originService=http://localhost:3000
2026-08-04T06:27:52Z ERR failed to serve incoming request error="Failed to proxy HTTP: Unable to reach the origin service. The service may be down or it may not be responding to traffic from cloudflared: dial tcp [::1]:3000: connectex: No connection could be made because the target machine actively refused it."
2026-08-04T06:27:53Z ERR  error="Unable to reach the origin service. The service may be down or it may not be responding to traffic from cloudflared: dial tcp [::1]:3000: connectex: No connection could be made because the target machine actively refused it." connIndex=0 event=1 ingressRule=0 originService=http://localhost:3000
2026-08-04T06:27:53Z ERR failed to serve incoming request error="Failed to proxy HTTP: Unable to reach the origin service. The service may be down or it may not be responding to traffic from cloudflared: dial tcp [::1]:3000: connectex: No connection could be made because the target machine actively refused it."
2026-08-04T07:33:02Z INF Lost connection with the edge connIndex=0
2026-08-04T07:33:02Z ERR failed to serve incoming request error="Error shutting down control stream: client disconnected"
2026-08-04T07:33:02Z ERR Serve tunnel error error="connection with edge closed" connIndex=0 event=0 ip=2606:4700:a8::10
2026-08-04T07:33:02Z INF Retrying connection in up to 1s connIndex=0 event=0 ip=2606:4700:a8::10
2026-08-04T07:33:03Z ERR Connection terminated error="connection with edge closed" connIndex=0
2026-08-04T07:33:17Z INF Tunnel connection curve preferences: [X25519MLKEM768 CurveID(65074) CurveP256] connIndex=0 event=0 ip=2606:4700:a8::10
2026-08-04T07:33:32Z ERR Unable to establish connection with Cloudflare edge error="DialContext error: dial tcp [2606:4700:a8::10]:7844: i/o timeout" connIndex=0 event=0 ip=2606:4700:a8::10
2026-08-04T07:33:32Z ERR Serve tunnel error error="DialContext error: dial tcp [2606:4700:a8::10]:7844: i/o timeout" connIndex=0 event=0 ip=2606:4700:a8::10
2026-08-04T07:33:32Z INF Retrying connection in up to 4s connIndex=0 event=0 ip=2606:4700:a8::10
2026-08-04T07:33:34Z ERR Connection terminated error="DialContext error: dial tcp [2606:4700:a8::10]:7844: i/o timeout" connIndex=0
2026-08-04T07:33:48Z INF Tunnel connection curve preferences: [X25519MLKEM768 CurveID(65074) CurveP256] connIndex=0 event=0 ip=198.41.200.13
2026-08-04T07:34:05Z ERR Unable to establish connection with Cloudflare edge error="TLS handshake with edge error: read tcp 192.168.31.190:55552->198.41.200.13:7844: i/o timeout" connIndex=0 event=0 ip=198.41.200.13
2026-08-04T07:34:05Z ERR Serve tunnel error error="TLS handshake with edge error: read tcp 192.168.31.190:55552->198.41.200.13:7844: i/o timeout" connIndex=0 event=0 ip=198.41.200.13
2026-08-04T07:34:05Z INF Retrying connection in up to 8s connIndex=0 event=0 ip=198.41.200.13
2026-08-04T07:34:07Z ERR Connection terminated error="TLS handshake with edge error: read tcp 192.168.31.190:55552->198.41.200.13:7844: i/o timeout" connIndex=0
2026-08-04T07:35:09Z INF Tunnel connection curve preferences: [X25519MLKEM768 CurveID(65074) CurveP256] connIndex=0 event=0 ip=2606:4700:a0::2
2026-08-04T07:35:10Z INF Registered tunnel connection connIndex=0 connection=dc5abfd0-4b63-497b-985a-8e8bb20f7083 event=0 ip=2606:4700:a0::2 location=maa01 protocol=http2
